team,team_code,number,pos,player,dob,club,club_country,height_cm
Algeria,ALG,1,GK,MASTIL Melvin,19/02/2000,FC Stade Nyonnais (SUI),SUI,194
Algeria,ALG,2,DF,MANDI Aissa,22/10/1991,Lille OSC (FRA),FRA,184
Algeria,ALG,3,DF,ABADA Achraf,15/06/1999,USM Alger (ALG),ALG,185
Algeria,ALG,4,DF,TOUGAI Mohamed Amine,22/01/2000,Espérance De Tunisie (TUN),TUN,186
Algeria,ALG,5,DF,BELAID Zineddine,20/03/1999,JS Kabylie (ALG),ALG,186
Algeria,ALG,6,MF,ZERROUKI Ramiz,26/05/1998,FC Twente (NED),NED,183
Algeria,ALG,7,FW,MAHREZ Riyad,21/02/1991,Al Ahli FC (KSA),KSA,179
Algeria,ALG,8,MF,AOUAR Houssem,30/06/1998,Al Ittihad (KSA),KSA,175
Algeria,ALG,9,FW,GOUIRI Amine,16/02/2000,Olympique Marseille (FRA),FRA,180
Algeria,ALG,10,MF,CHAIBI Fares,28/11/2002,Eintracht Frankfurt (GER),GER,183
Algeria,ALG,11,FW,HADJ MOUSSA Anis,11/02/2002,Feyenoord Rotterdam (NED),NED,176
Algeria,ALG,12,FW,BENBOUALI Nadhir,17/04/2000,Györi ETO FC (HUN),HUN,190
Algeria,ALG,13,DF,HADJAM Jaouen,26/03/2003,BSC Young Boys (SUI),SUI,185
Algeria,ALG,14,MF,BOUDAOUI Hicham,23/09/1999,OGC Nice (FRA),FRA,175
Algeria,ALG,15,DF,AIT-NOURI Rayan,06/06/2001,Manchester City FC (ENG),ENG,180
Algeria,ALG,16,GK,BENBOT Oussama,11/10/1994,USM Alger (ALG),ALG,188
Algeria,ALG,17,DF,BELGHALI Ra k,07/06/2002,Hellas Verona FC (ITA),ITA,180
Algeria,ALG,18,FW,AMOURA Mohamed,09/05/2000,VfL Wolfsburg (GER),GER,170
Algeria,ALG,19,MF,BENTALEB Nabil,24/11/1994,Lille OSC (FRA),FRA,189
Algeria,ALG,20,FW,BOULBINA Adil,02/05/2003,Al Duhail SC (QAT),QAT,183
Algeria,ALG,21,DF,BENSEBAINI Ramy,16/04/1995,Borussia Dortmund (GER),GER,187
Algeria,ALG,22,MF,MAZA Ibrahim,24/11/2005,Bayer Leverkusen (GER),GER,180
Algeria,ALG,23,GK,ZIDANE Luca,13/05/1998,Granada CF (ESP),ESP,183
Algeria,ALG,24,MF,TITRAOUI Yassine,26/08/2003,Sporting Charleroi (BEL),BEL,180
Algeria,ALG,25,FW,GHEDJEMIS Fares,06/09/2002,Frosinone (ITA),ITA,183
Algeria,ALG,26,DF,CHERGUI Samir,06/02/1999,Paris FC (FRA),FRA,185
Argentina,ARG,1,GK,MUSSO Juan,06/05/1994,Atlético De Madrid (ESP),ESP,193
Argentina,ARG,2,DF,BALERDI Leonardo,26/01/1999,Olympique Marseille (FRA),FRA,188
Argentina,ARG,3,DF,TAGLIAFICO Nicolas,31/08/1992,Olympique Lyonnais (FRA),FRA,172
Argentina,ARG,4,DF,MONTIEL Gonzalo,01/01/1997,CA River Plate (ARG),ARG,175
Argentina,ARG,5,MF,PAREDES Leandro,29/06/1994,CA Boca Juniors (ARG),ARG,182
Argentina,ARG,6,DF,MARTINEZ Lisandro,18/01/1998,Manchester United FC (ENG),ENG,175
Argentina,ARG,7,MF,DE PAUL Rodrigo,24/05/1994,Inter Miami CF (USA),USA,178
Argentina,ARG,8,MF,BARCO Valentin,23/07/2004,RC Strasbourg (FRA),FRA,172
Argentina,ARG,9,FW,ALVAREZ Julian,31/01/2000,Atlético De Madrid (ESP),ESP,170
Argentina,ARG,10,FW,MESSI Lionel,24/06/1987,Inter Miami CF (USA),USA,170
Argentina,ARG,11,MF,LO CELSO Giovani,09/04/1996,Real Betis (ESP),ESP,177
Argentina,ARG,12,GK,RULLI Geronimo,20/05/1992,Olympique Marseille (FRA),FRA,189
Argentina,ARG,13,DF,ROMERO Cristian,27/04/1998,Tottenham Hotspur FC (ENG),ENG,185
Argentina,ARG,14,MF,PALACIOS Exequiel,05/10/1998,Bayer Leverkusen (GER),GER,177
Argentina,ARG,15,MF,GONZALEZ Nico,06/04/1998,Atlético De Madrid (ESP),ESP,180
Argentina,ARG,16,FW,ALMADA Thiago,26/04/2001,Atlético De Madrid (ESP),ESP,171
Argentina,ARG,17,FW,SIMEONE Giuliano,18/12/2002,Atlético De Madrid (ESP),ESP,174
Argentina,ARG,18,FW,PAZ Nico,08/09/2004,Como (ITA),ITA,185
Argentina,ARG,19,DF,OTAMENDI Nicolas,12/02/1988,SL Ben ca (POR),POR,182
Argentina,ARG,20,MF,MAC ALLISTER Alexis,24/12/1998,Liverpool FC (ENG),ENG,176
Argentina,ARG,21,FW,LOPEZ Jose Manuel,06/12/2000,SE Palmeiras (BRA),BRA,190
Argentina,ARG,22,FW,MARTINEZ Lautaro,22/08/1997,FC Internazionale Milano (ITA),ITA,175
Argentina,ARG,23,GK,MARTINEZ Emiliano,02/09/1992,Aston Villa FC (ENG),ENG,195
Argentina,ARG,24,MF,FERNANDEZ Enzo,17/01/2001,Chelsea FC (ENG),ENG,178
Argentina,ARG,25,DF,MEDINA Facundo,28/05/1999,Olympique Marseille (FRA),FRA,184
Argentina,ARG,26,DF,MOLINA Nahuel,06/04/1998,Atlético De Madrid (ESP),ESP,179
Australia,AUS,1,GK,RYAN Mathew,08/04/1992,Levante UD (ESP),ESP,184
Australia,AUS,2,DF,DEGENEK Milos,28/04/1994,APOEL FC (CYP),CYP,187
Australia,AUS,3,DF,CIRCATI Alessandro,10/10/2003,Parma (ITA),ITA,191
Australia,AUS,4,DF,ITALIANO Jacob,30/07/2001,Grazer AK (AUT),AUT,177
Australia,AUS,5,DF,BOS Jordan,29/10/2002,Feyenoord Rotterdam (NED),NED,180
Australia,AUS,6,DF,GERIA Jason,10/05/1993,Albirex Niigata (JPN),JPN,181
Australia,AUS,7,FW,LECKIE Mathew,04/02/1991,Melbourne City FC (AUS),AUS,181
Australia,AUS,8,MF,METCALFE Connor,05/11/1999,FC St. Pauli (GER),GER,183
Australia,AUS,9,FW,TOURE Mohamed,26/03/2004,Norwich City FC (ENG),ENG,186
Australia,AUS,10,FW,HRUSTIC Ajdin,05/07/1996,SC Heracles Almelo (NED),NED,180
Australia,AUS,11,FW,MABIL Awer,15/09/1995,CD Castellón (ESP),ESP,178
Australia,AUS,12,GK,IZZO Paul,06/01/1995,Randers FC (DEN),DEN,184
Australia,AUS,13,MF,ONEILL Aiden,04/07/1998,New York City FC (USA),USA,180
Australia,AUS,14,MF,DEVLIN Cameron,07/06/1998,Heart Of Midlothian FC (SCO),SCO,170
Australia,AUS,15,DF,TREWIN Kai,18/05/2001,New York City FC (USA),USA,183
Australia,AUS,16,DF,BEHICH Aziz,16/12/1990,Melbourne City FC (AUS),AUS,170
Australia,AUS,17,FW,IRANKUNDA Nestory,09/02/2006,Watford FC (ENG),ENG,165
Australia,AUS,18,GK,BEACH Patrick,06/08/2003,Melbourne City FC (AUS),AUS,189
Australia,AUS,19,DF,SOUTTAR Harry,22/10/1998,Leicester City FC (ENG),ENG,198
Australia,AUS,20,FW,VOLPATO Cristian,15/11/2003,US Sassuolo (ITA),ITA,187
Australia,AUS,21,DF,BURGESS Cameron,21/10/1995,Swansea City AFC (WAL),WAL,194
Australia,AUS,22,MF,IRVINE Jackson,07/03/1993,FC St. Pauli (GER),GER,189
Australia,AUS,23,FW,VELUPILLAY Nishan,07/05/2001,Melbourne Victory FC (AUS),AUS,181
Australia,AUS,24,MF,OKON-ENGSTLER Paul,24/01/2005,Sydney FC (AUS),AUS,185
Australia,AUS,25,DF,HERRINGTON Lucas,05/09/2007,Colorado Rapids (USA),USA,193
Australia,AUS,26,FW,YENGI Tete,28/11/2000,FC Machida Zelvia (JPN),JPN,197
Austria,AUT,1,GK,SCHLAGER Alexander,01/02/1996,FC Red Bull Salzburg (AUT),AUT,188
Austria,AUT,2,DF,AFFENGRUBER David,19/03/2001,Elche CF (ESP),ESP,185
Austria,AUT,3,DF,DANSO Kevin,19/09/1998,Tottenham Hotspur FC (ENG),ENG,190
Austria,AUT,4,MF,SCHLAGER Xaver,28/09/1997,RB Leipzig (GER),GER,174
Austria,AUT,5,DF,POSCH Stefan,14/05/1997,1. FSV Mainz 05 (GER),GER,188
Austria,AUT,6,MF,SEIWALD Nicolas,04/05/2001,RB Leipzig (GER),GER,179
Austria,AUT,7,FW,ARNAUTOVIC Marko,19/04/1989,FK Crvena Zvezda (SRB),SRB,192
Austria,AUT,8,DF,ALABA David,24/06/1992,Real Madrid C. F. (ESP),ESP,180
Austria,AUT,9,MF,SABITZER Marcel,17/03/1994,Borussia Dortmund (GER),GER,178
Austria,AUT,10,MF,GRILLITSCH Florian,07/08/1995,SC Braga (POR),POR,186
Austria,AUT,11,FW,GREGORITSCH Michael,18/04/1994,FC Augsburg (GER),GER,193
Austria,AUT,12,GK,WIEGELE Florian,21/03/2001,FC Viktoria Plzeň (CZE),CZE,205
Austria,AUT,13,GK,PENTZ Patrick,02/01/1997,Brøndby IF (DEN),DEN,183
Austria,AUT,14,FW,KALAJDZIC Sasa,07/07/1997,LASK Linz (AUT),AUT,200
Austria,AUT,15,DF,LIENHART Philipp,11/07/1996,SC Freiburg (GER),GER,189
Austria,AUT,16,DF,MWENE Phillip,29/01/1994,1. FSV Mainz 05 (GER),GER,170
Austria,AUT,17,MF,CHUKWUEMEKA Carney,20/10/2003,Borussia Dortmund (GER),GER,187
Austria,AUT,18,MF,SCHMID Romano,27/01/2000,SV Werder Bremen (GER),GER,168
Austria,AUT,19,MF,BAUMGARTNER Christoph,01/08/1999,RB Leipzig (GER),GER,180
Austria,AUT,20,MF,LAIMER Konrad,27/05/1997,FC Bayern München (GER),GER,180
Austria,AUT,21,FW,WIMMER Patrick,30/05/2001,VfL Wolfsburg (GER),GER,182
Austria,AUT,22,MF,PRASS Alexander,26/05/2001,TSG Hoffenheim (GER),GER,180
Austria,AUT,23,DF,FRIEDL Marco,16/03/1998,SV Werder Bremen (GER),GER,187
Austria,AUT,24,MF,WANNER Paul,23/12/2005,PSV Eindhoven (NED),NED,185
Austria,AUT,25,DF,SVOBODA Michael,15/10/1998,Venezia FC (ITA),ITA,195
Austria,AUT,26,MF,SCHOEPF Alessandro,07/02/1994,Wolfsberger AC (AUT),AUT,178
Belgium,BEL,1,GK,COURTOIS Thibaut,11/05/1992,Real Madrid C. F. (ESP),ESP,199
Belgium,BEL,2,DF,DEBAST Zeno,24/10/2003,Sporting CP (POR),POR,189
Belgium,BEL,3,DF,THEATE Arthur,25/05/2000,Eintracht Frankfurt (GER),GER,185
Belgium,BEL,4,DF,MECHELE Brandon,28/01/1993,Club Brugge (BEL),BEL,190
Belgium,BEL,5,DF,DE CUYPER Maxim,22/12/2000,Brighton & Hove Albion FC (ENG),ENG,182
Belgium,BEL,6,MF,WITSEL Axel,12/01/1989,Girona FC (ESP),ESP,186
Belgium,BEL,7,MF,DE BRUYNE Kevin,28/06/1991,SSC Napoli (ITA),ITA,181
Belgium,BEL,8,MF,TIELEMANS Youri,07/05/1997,Aston Villa FC (ENG),ENG,176
Belgium,BEL,9,FW,LUKAKU Romelu,13/05/1993,SSC Napoli (ITA),ITA,190
Belgium,BEL,10,FW,TROSSARD Leandro,04/12/1994,Arsenal FC (ENG),ENG,172
Belgium,BEL,11,FW,DOKU Jeremy,27/05/2002,Manchester City FC (ENG),ENG,173
Belgium,BEL,12,GK,LAMMENS Senne,07/07/2002,Manchester United FC (ENG),ENG,193
Belgium,BEL,13,GK,PENDERS Mike,31/07/2005,RC Strasbourg (FRA),FRA,200
Belgium,BEL,14,FW,LUKEBAKIO Dodi,24/09/1997,SL Ben ca (POR),POR,184
Belgium,BEL,15,DF,MEUNIER Thomas,12/09/1991,Lille OSC (FRA),FRA,190
Belgium,BEL,16,DF,DE WINTER Koni,12/06/2002,AC Milan (ITA),ITA,191
Belgium,BEL,17,FW,DE KETELAERE Charles,10/03/2001,Atalanta Bergamo (ITA),ITA,192
Belgium,BEL,18,DF,SEYS Joaquin,28/03/2005,Club Brugge (BEL),BEL,178
Belgium,BEL,19,MF,MOREIRA Diego,06/08/2004,RC Strasbourg (FRA),FRA,179
Belgium,BEL,20,MF,VANAKEN Hans,24/08/1992,Club Brugge (BEL),BEL,195
Belgium,BEL,21,DF,CASTAGNE Timothy,05/12/1995,Fulham FC (ENG),ENG,185
Belgium,BEL,22,MF,SAELEMAEKERS Alexis,27/06/1999,AC Milan (ITA),ITA,180
Belgium,BEL,23,MF,RASKIN Nicolas,23/02/2001,Rangers FC (SCO),SCO,178
Belgium,BEL,24,MF,ONANA Amadou,16/08/2001,Aston Villa FC (ENG),ENG,192
Belgium,BEL,25,DF,NGOY Nathan,10/06/2003,Lille OSC (FRA),FRA,183
Belgium,BEL,26,FW,FERNANDEZ-PARDO Matias,03/02/2005,Lille OSC (FRA),FRA,188
Bosnia And Herzegovina,BIH,1,GK,VASILJ Nikola,02/12/1995,FC St. Pauli (GER),GER,193
Bosnia And Herzegovina,BIH,2,DF,MUJAKIC Nihad,15/04/1998,Gaziantep FK (TUR),TUR,189
Bosnia And Herzegovina,BIH,3,DF,HADZIKADUNIC Dennis,09/07/1998,UC Sampdoria (ITA),ITA,191
Bosnia And Herzegovina,BIH,4,DF,MUHAREMOVIC Tarik,28/02/2003,US Sassuolo (ITA),ITA,192
Bosnia And Herzegovina,BIH,5,DF,KOLASINAC Sead,20/06/1993,Atalanta Bergamo (ITA),ITA,183
Bosnia And Herzegovina,BIH,6,MF,TAHIROVIC Benjamin,03/03/2003,Brøndby IF (DEN),DEN,191
Bosnia And Herzegovina,BIH,7,DF,DEDIC Amar,18/08/2002,SL Ben ca (POR),POR,180
Bosnia And Herzegovina,BIH,8,MF,GIGOVIC Armin,06/04/2002,BSC Young Boys (SUI),SUI,187
Bosnia And Herzegovina,BIH,9,FW,BAZDAR Samed,31/01/2004,Jagiellonia Białystok (POL),POL,189
Bosnia And Herzegovina,BIH,10,FW,DEMIROVIC Ermedin,25/03/1998,VfB Stuttgart (GER),GER,185
Bosnia And Herzegovina,BIH,11,FW,DZEKO Edin,17/03/1986,FC Schalke 04 (GER),GER,192
Bosnia And Herzegovina,BIH,12,GK,JURKAS Mladen,07/10/2007,FK Borac Banja Luka (BIH),BIH,193
Bosnia And Herzegovina,BIH,13,MF,BASIC Ivan,30/04/2002,FC Astana (KAZ),KAZ,178
Bosnia And Herzegovina,BIH,14,MF,SUNJIC Ivan,09/10/1996,Pafos FC (CYP),CYP,183
Bosnia And Herzegovina,BIH,15,MF,MEMIC Amar,20/01/2001,FC Viktoria Plzeň (CZE),CZE,176
Bosnia And Herzegovina,BIH,16,MF,HADZIAHMETOVIC Amir,08/03/1997,Hull City FC (ENG),ENG,179
Bosnia And Herzegovina,BIH,17,MF,BURNIC Dzenis,22/05/1998,Karlsruher SC (GER),GER,182
Bosnia And Herzegovina,BIH,18,DF,KATIC Nikola,10/10/1996,FC Schalke 04 (GER),GER,194
Bosnia And Herzegovina,BIH,19,FW,ALAJBEGOVIC Kerim,21/09/2007,FC Red Bull Salzburg (AUT),AUT,186
Bosnia And Herzegovina,BIH,20,FW,BAJRAKTAREVIC Esmir,10/03/2005,PSV Eindhoven (NED),NED,175
Bosnia And Herzegovina,BIH,21,DF,RADELJIC Stjepan,05/09/1997,HNK Rijeka (CRO),CRO,201
Bosnia And Herzegovina,BIH,22,GK,ZLOMISLIC Martin,16/08/1998,HNK Rijeka (CRO),CRO,189
Bosnia And Herzegovina,BIH,23,FW,TABAKOVIC Haris,20/06/1994,Borussia Mönchengladbach (GER),GER,196
Bosnia And Herzegovina,BIH,24,DF,CELIK Nidal,17/07/2006,RC Lens (FRA),FRA,192
Bosnia And Herzegovina,BIH,25,FW,LUKIC Jovo,28/11/1998,Universitatea Cluj (ROU),ROU,190
Bosnia And Herzegovina,BIH,26,MF,MAHMIC Ermin,14/03/2005,FC Slovan Liberec (CZE),CZE,182
Brazil,BRA,1,GK,ALISSON,02/10/1992,Liverpool FC (ENG),ENG,193
Brazil,BRA,2,DF,WESLEY,06/09/2003,AS Roma (ITA),ITA,175
Brazil,BRA,3,DF,GABRIEL MAGALHAES,19/12/1997,Arsenal FC (ENG),ENG,190
Brazil,BRA,4,DF,MARQUINHOS,14/05/1994,Paris Saint-Germain (FRA),FRA,183
Brazil,BRA,5,MF,CASEMIRO,23/02/1992,Manchester United FC (ENG),ENG,185
Brazil,BRA,6,DF,ALEX SANDRO,26/01/1991,CR Flamengo (BRA),BRA,180
Brazil,BRA,7,FW,VINICIUS JUNIOR,12/07/2000,Real Madrid C. F. (ESP),ESP,176
Brazil,BRA,8,MF,BRUNO GUIMARAES,16/11/1997,Newcastle United FC (ENG),ENG,182
Brazil,BRA,9,FW,MATHEUS CUNHA,27/05/1999,Manchester United FC (ENG),ENG,183
Brazil,BRA,10,FW,NEYMAR JR,05/02/1992,Santos FC (BRA),BRA,175
Brazil,BRA,11,FW,RAPHINHA,14/12/1996,FC Barcelona (ESP),ESP,176
Brazil,BRA,12,GK,WEVERTON,13/12/1987,Grêmio FBPA (BRA),BRA,189
Brazil,BRA,13,DF,DANILO,15/07/1991,CR Flamengo (BRA),BRA,184
Brazil,BRA,14,DF,BREMER,18/03/1997,Juventus FC (ITA),ITA,188
Brazil,BRA,15,DF,LEO PEREIRA,31/01/1996,CR Flamengo (BRA),BRA,189
Brazil,BRA,16,DF,DOUGLAS SANTOS,22/03/1994,FC Zenit St. Petersburg (RUS),RUS,173
Brazil,BRA,17,MF,FABINHO,23/10/1993,Al Ittihad (KSA),KSA,188
Brazil,BRA,18,MF,DANILO SANTOS,29/04/2001,Botafogo (BRA),BRA,177
Brazil,BRA,19,FW,ENDRICK,21/07/2006,Olympique Lyonnais (FRA),FRA,172
Brazil,BRA,20,MF,LUCAS PAQUETA,27/08/1997,CR Flamengo (BRA),BRA,183
Brazil,BRA,21,FW,LUIZ HENRIQUE,02/01/2001,FC Zenit St. Petersburg (RUS),RUS,182
Brazil,BRA,22,FW,GABRIEL MARTINELLI,18/06/2001,Arsenal FC (ENG),ENG,178
Brazil,BRA,23,GK,EDERSON,17/08/1993,Fenerbahçe SK (TUR),TUR,188
Brazil,BRA,24,DF,ROGER IBANEZ,23/11/1998,Al Ahli FC (KSA),KSA,186
Brazil,BRA,25,FW,IGOR THIAGO,26/06/2001,Brentford FC (ENG),ENG,190
Brazil,BRA,26,FW,RAYAN,03/08/2006,AFC Bournemouth (ENG),ENG,187
Cabo Verde,CPV,1,GK,VOZINHA,03/06/1986,GD Chaves (POR),POR,189
Cabo Verde,CPV,2,DF,STOPIRA,20/05/1988,SCU Torreense (POR),POR,178
Cabo Verde,CPV,3,DF,DINEY BORGES,17/01/1995,Al Bataeh Club (UAE),UAE,185
Cabo Verde,CPV,4,DF,PICO LOPES,17/06/1992,Shamrock Rovers FC (IRL),IRL,186
Cabo Verde,CPV,5,DF,LOGAN COSTA,01/04/2001,Villarreal CF (ESP),ESP,190
Cabo Verde,CPV,6,MF,KEVIN PINA,27/01/1997,FC Krasnodar (RUS),RUS,177
Cabo Verde,CPV,7,MF,JOVANE CABRAL,14/06/1998,CF Estrela Da Amadora (POR),POR,174
Cabo Verde,CPV,8,MF,JOAO PAULO,26/05/1998,FC FCSB (ROU),ROU,180
Cabo Verde,CPV,9,FW,GILSON BENCHIMOL,29/12/2001,FC Akron Tolyatti (RUS),RUS,187
Cabo Verde,CPV,10,MF,JAMIRO MONTEIRO,23/11/1993,PEC Zwolle (NED),NED,175
Cabo Verde,CPV,11,MF,GARRY RODRIGUES,27/11/1990,Apollon Limassol (CYP),CYP,173
Cabo Verde,CPV,12,GK,MARCIO ROSA,23/02/1997,PFC Montana (BUL),BUL,186
Cabo Verde,CPV,13,DF,SIDNY LOPES CABRAL,18/09/2002,SL Ben ca (POR),POR,176
Cabo Verde,CPV,14,MF,DEROY DUARTE,04/07/1999,PFC Ludogorets Razgrad (BUL),BUL,177
Cabo Verde,CPV,15,MF,LAROS DUARTE,28/02/1997,Puskás Akadémia FC (HUN),HUN,180
Cabo Verde,CPV,16,MF,YANNICK SEMEDO,29/12/1995,SC Farense (POR),POR,176
Cabo Verde,CPV,17,MF,WILLY SEMEDO,27/04/1994,AC Omonia (CYP),CYP,185
Cabo Verde,CPV,18,MF,TELMO ARCANJO,21/06/2001,Vitória SC (POR),POR,180
Cabo Verde,CPV,19,FW,DAILON LIVRAMENTO,04/05/2001,Casa Pia AC (POR),POR,185
Cabo Verde,CPV,20,FW,RYAN MENDES,08/01/1990,Iğdır FK (TUR),TUR,178
Cabo Verde,CPV,21,MF,NUNO DA COSTA,10/02/1991,Başakşehir FK (TUR),TUR,182
Cabo Verde,CPV,22,DF,STEVEN MOREIRA,13/08/1994,Columbus Crew (USA),USA,178
Cabo Verde,CPV,23,GK,CJ DOS SANTOS,24/08/2000,San Diego FC (USA),USA,189
Cabo Verde,CPV,24,DF,WAGNER PINA,03/11/2002,Trabzonspor (TUR),TUR,180
Cabo Verde,CPV,25,DF,KELVIN PIRES,05/06/2000,SJK (FIN),FIN,193
Cabo Verde,CPV,26,MF,HELIO VARELA,03/05/2002,Maccabi Tel-Aviv FC (ISR),ISR,176
Canada,CAN,1,GK,ST. CLAIR Dayne,09/05/1997,Inter Miami CF (USA),USA,191
Canada,CAN,2,DF,JOHNSTON Alistair,08/10/1998,Celtic FC (SCO),SCO,180
Canada,CAN,3,DF,JONES Al e,07/10/1997,Middlesbrough FC (ENG),ENG,191
Canada,CAN,4,DF,DE FOUGEROLLES Luc,12/10/2005,FCV Dender EH (BEL),BEL,183
Canada,CAN,5,DF,WATERMAN Joel,24/01/1996,Chicago Fire FC (USA),USA,185
Canada,CAN,6,MF,CHOINIERE Mathieu,07/02/1999,LAFC (USA),USA,173
Canada,CAN,7,MF,EUSTAQUIO Stephen,21/12/1996,LAFC (USA),USA,175
Canada,CAN,8,MF,KONE Ismael,16/06/2002,US Sassuolo (ITA),ITA,188
Canada,CAN,9,FW,LARIN Cyle,17/04/1995,Southampton FC (ENG),ENG,188
Canada,CAN,10,FW,DAVID Jonathan,14/01/2000,Juventus FC (ITA),ITA,175
Canada,CAN,11,MF,MILLAR Liam,27/09/1999,Hull City FC (ENG),ENG,176
Canada,CAN,12,FW,OLUWASEYI Tani,15/05/2000,Villarreal CF (ESP),ESP,187
Canada,CAN,13,DF,CORNELIUS Derek,25/11/1997,Rangers FC (SCO),SCO,186
Canada,CAN,14,MF,SHAFFELBURG Jacob,26/11/1999,LAFC (USA),USA,181
Canada,CAN,15,DF,BOMBITO Moise,30/03/2000,OGC Nice (FRA),FRA,190
Canada,CAN,16,GK,CREPEAU Maxime,11/05/1994,Orlando City SC (USA),USA,185
Canada,CAN,17,FW,BUCHANAN Tajon,08/02/1999,Villarreal CF (ESP),ESP,183
Canada,CAN,18,GK,GOODMAN Owen,27/11/2003,Barnsley (ENG),ENG,193
Canada,CAN,19,DF,DAVIES Alphonso,02/11/2000,FC Bayern München (GER),GER,183
Canada,CAN,20,FW,AHMED Ali,10/10/2000,Norwich City FC (ENG),ENG,180
Canada,CAN,21,MF,OSORIO Jonathan,12/06/1992,Toronto FC (CAN),CAN,175
Canada,CAN,22,DF,LARYEA Richie,07/01/1995,Toronto FC (CAN),CAN,175
Canada,CAN,23,DF,SIGUR Niko,09/09/2003,HNK Hajduk Split (CRO),CRO,178
Canada,CAN,24,FW,DAVID Promise,03/07/2001,Royale Union Saint-Gilloise (BEL),BEL,195
Canada,CAN,25,MF,SALIBA Nathan,07/02/2004,RSC Anderlecht (BEL),BEL,174
Canada,CAN,26,MF,FLORES Marcelo,01/10/2003,Tigres UANL (MEX),MEX,164
Colombia,COL,1,GK,OSPINA David,31/08/1988,Atlético Nacional (COL),COL,183
Colombia,COL,2,DF,MUNOZ Daniel,26/05/1996,Crystal Palace FC (ENG),ENG,180
Colombia,COL,3,DF,LUCUMI Jhon,26/06/1998,Bologna FC (ITA),ITA,187
Colombia,COL,4,DF,ARIAS Santiago,13/01/1992,CA Independiente (ARG),ARG,177
Colombia,COL,5,MF,CASTANO Kevin,29/09/2000,CA River Plate (ARG),ARG,179
Colombia,COL,6,MF,RIOS Richard,02/06/2000,SL Ben ca (POR),POR,185
Colombia,COL,7,FW,DIAZ Luis,13/01/1997,FC Bayern München (GER),GER,179
Colombia,COL,8,MF,CARRASCAL Jorge,25/05/1998,CR Flamengo (BRA),BRA,180
Colombia,COL,9,FW,CORDOBA Jhon,11/05/1993,FC Krasnodar (RUS),RUS,186
Colombia,COL,10,MF,RODRIGUEZ James,12/07/1991,Minnesota United FC (USA),USA,181
Colombia,COL,11,MF,ARIAS Jhon,21/09/1997,SE Palmeiras (BRA),BRA,168
Colombia,COL,12,GK,VARGAS Camilo,09/03/1989,Atlas FC (MEX),MEX,183
Colombia,COL,13,DF,MINA Yerry,23/09/1994,Cagliari (ITA),ITA,195
Colombia,COL,14,DF,PUERTA Gustavo,23/07/2003,Racing Santander (ESP),ESP,173
Colombia,COL,15,MF,PORTILLA Juan,12/09/1998,Athletico Paranaense (BRA),BRA,181
Colombia,COL,16,MF,LERMA Jefferson,25/10/1994,Crystal Palace FC (ENG),ENG,180
Colombia,COL,17,DF,MOJICA Johan,21/08/1992,RCD Mallorca (ESP),ESP,184
Colombia,COL,18,DF,DITTA Willer,23/01/1998,CF Cruz Azul (MEX),MEX,179
Colombia,COL,19,FW,HERNANDEZ Cucho,20/04/1999,Real Betis (ESP),ESP,176
Colombia,COL,20,MF,QUINTERO Juan,18/01/1993,CA River Plate (ARG),ARG,167
Colombia,COL,21,FW,CAMPAZ Jaminton,24/05/2000,CA Rosario Central (ARG),ARG,166
Colombia,COL,22,DF,MACHADO Deiver,02/09/1993,FC Nantes (FRA),FRA,173
Colombia,COL,23,DF,SANCHEZ Davinson,12/06/1996,Galatasaray SK (TUR),TUR,188
Colombia,COL,24,GK,MONTERO Alvaro,29/03/1995,CA Vélez Sars eld (ARG),ARG,201
Colombia,COL,25,FW,SUAREZ Luis,02/12/1997,Sporting CP (POR),POR,179
Colombia,COL,26,FW,GOMEZ Andres,12/09/2002,CR Vasco Da Gama (BRA),BRA,170
Congo DR,COD,1,GK,MPASI Lionel,01/08/1994,Le Havre AC (FRA),FRA,182
Congo DR,COD,2,DF,WAN-BISSAKA Aaron,26/11/1997,West Ham United FC (ENG),ENG,183
Congo DR,COD,3,DF,KAPUADI Steve,30/04/1998,Widzew Łódź (POL),POL,196
Congo DR,COD,4,DF,TUANZEBE Axel,14/11/1997,Burnley FC (ENG),ENG,188
Congo DR,COD,5,DF,BATUBINSIKA Dylan,15/02/1996,AEL FC (GRE),GRE,185
Congo DR,COD,6,MF,MUKAU Ngalayel,03/11/2004,Lille OSC (FRA),FRA,186
Congo DR,COD,7,MF,MBUKU Nathanael,16/03/2002,Montpellier HSC (FRA),FRA,170
Congo DR,COD,8,MF,MOUTOUSSAMY Samuel,12/08/1996,Atromitos FC (GRE),GRE,176
Congo DR,COD,9,FW,CIPENGA Brian,11/03/1998,CD Castellón (ESP),ESP,172
Congo DR,COD,10,MF,BONGONDA Theo,20/11/1995,FC Spartak Moscow (RUS),RUS,176
Congo DR,COD,11,FW,KAKUTA Gael,21/06/1991,AEL FC (GRE),GRE,174
Congo DR,COD,12,DF,KAYEMBE Joris,08/08/1994,KRC Genk (BEL),BEL,180
Congo DR,COD,13,FW,ELIA Meschack,06/08/1997,Alanyaspor (TUR),TUR,173
Congo DR,COD,14,MF,SADIKI Noah,17/12/2004,Sunderland AFC (ENG),ENG,165
Congo DR,COD,15,MF,TSHIBOLA Aaron,02/01/1995,Kilmarnock FC (SCO),SCO,184
Congo DR,COD,16,GK,FAYULU Timothy,24/07/1999,FC Noah (ARM),ARM,192
Congo DR,COD,17,FW,BAKAMBU Cedric,11/04/1991,Real Betis (ESP),ESP,182
Congo DR,COD,18,MF,PICKEL Charles,15/05/1997,RCD Espanyol (ESP),ESP,187
Congo DR,COD,19,FW,MAYELE Fiston,24/06/1994,Pyramids FC (EGY),EGY,185
Congo DR,COD,20,FW,WISSA Yoane,03/09/1996,Newcastle United FC (ENG),ENG,176
Congo DR,COD,21,GK,EPOLO Matthieu,15/01/2005,Standard Liège (BEL),BEL,183
Congo DR,COD,22,DF,MBEMBA Chancel,08/08/1994,Lille OSC (FRA),FRA,182
Congo DR,COD,23,FW,BANZA Simon,13/08/1996,Al Jazira (UAE),UAE,189
Congo DR,COD,24,DF,KALULU Gedeon,29/08/1997,Aris Limassol FC (CYP),CYP,178
Congo DR,COD,25,MF,KAYEMBE Edo,03/06/1998,Watford FC (ENG),ENG,183
Congo DR,COD,26,DF,MASUAKU Arthur,07/11/1993,RC Lens (FRA),FRA,179
Côte D'Ivoire,CIV,1,GK,FOFANA Yahia,21/08/2000,Çaykur Rizespor (TUR),TUR,194
Côte D'Ivoire,CIV,2,DF,DIOMANDE Ousmane,04/12/2003,Sporting CP (POR),POR,190
Côte D'Ivoire,CIV,3,DF,KONAN Ghislain,27/12/1995,Gil Vicente FC (POR),POR,176
Côte D'Ivoire,CIV,4,MF,SERI Jean Michael,19/07/1991,NK Maribor (SVN),SVN,168
Côte D'Ivoire,CIV,5,DF,SINGO Wilfried,25/12/2000,Galatasaray SK (TUR),TUR,182
Côte D'Ivoire,CIV,6,MF,FOFANA Seko,07/05/1995,FC Porto (POR),POR,185
Côte D'Ivoire,CIV,7,DF,KOSSOUNOU Odilon,04/01/2001,Atalanta Bergamo (ITA),ITA,191
Côte D'Ivoire,CIV,8,MF,KESSIE Franck,19/12/1996,Al Ahli FC (KSA),KSA,183
Côte D'Ivoire,CIV,9,FW,BONNY Ange-Yoan,25/10/2003,FC Internazionale Milano (ITA),ITA,189
Côte D'Ivoire,CIV,10,FW,ADINGRA Simon,01/01/2002,AS Monaco (FRA),FRA,175
Côte D'Ivoire,CIV,11,FW,DIOMANDE Yan,14/11/2006,RB Leipzig (GER),GER,180
Côte D'Ivoire,CIV,12,FW,WAHI Elye,02/01/2003,OGC Nice (FRA),FRA,181
Côte D'Ivoire,CIV,13,DF,OPERI Christopher,29/04/1997,Başakşehir FK (TUR),TUR,183
Côte D'Ivoire,CIV,14,FW,DIAKITE Oumar,20/12/2003,Cercle Brugge (BEL),BEL,182
Côte D'Ivoire,CIV,15,FW,DIALLO Amad,11/07/2002,Manchester United FC (ENG),ENG,173
Côte D'Ivoire,CIV,16,GK,KONE Mohamed,07/03/2002,Sporting Charleroi (BEL),BEL,186
Côte D'Ivoire,CIV,17,DF,DOUE Guela,17/10/2002,RC Strasbourg (FRA),FRA,187
Côte D'Ivoire,CIV,18,MF,SANGARE Ibrahim,02/12/1997,Nottingham Forest FC (ENG),ENG,191
Côte D'Ivoire,CIV,19,FW,PEPE Nicolas,29/05/1995,Villarreal CF (ESP),ESP,183
Côte D'Ivoire,CIV,20,DF,AGBADOU Emmanuel,17/06/1997,Beşiktaş JK (TUR),TUR,185
Côte D'Ivoire,CIV,21,DF,NDICKA Evan,20/08/1999,AS Roma (ITA),ITA,192
Côte D'Ivoire,CIV,22,FW,GUESSAND Evann,01/07/2001,Crystal Palace FC (ENG),ENG,188
Côte D'Ivoire,CIV,23,GK,LAFONT Alban,23/01/1999,Panathinaikos FC (GRE),GRE,196
Côte D'Ivoire,CIV,24,FW,TOURE Bazoumana,02/03/2006,TSG Hoffenheim (GER),GER,178
Côte D'Ivoire,CIV,25,MF,GUIAGON Parfait,22/02/2001,Sporting Charleroi (BEL),BEL,165
Côte D'Ivoire,CIV,26,MF,OULAI Christ Inao,06/04/2006,Trabzonspor (TUR),TUR,173
Croatia,CRO,1,GK,LIVAKOVIC Dominik,09/01/1995,GNK Dinamo Zagreb (CRO),CRO,188
Croatia,CRO,2,DF,STANISIC Josip,02/04/2000,FC Bayern München (GER),GER,186
Croatia,CRO,3,DF,PONGRACIC Marin,11/09/1997,ACF Fiorentina (ITA),ITA,193
Croatia,CRO,4,DF,GVARDIOL Josko,23/01/2002,Manchester City FC (ENG),ENG,185
Croatia,CRO,5,DF,CALETA-CAR Duje,17/09/1996,Real Sociedad (ESP),ESP,193
Croatia,CRO,6,DF,SUTALO Josip,28/02/2000,AFC Ajax (NED),NED,185
Croatia,CRO,7,MF,MORO Nikola,12/03/1998,Bologna FC (ITA),ITA,183
Croatia,CRO,8,MF,KOVACIC Mateo,06/05/1994,Manchester City FC (ENG),ENG,178
Croatia,CRO,9,FW,KRAMARIC Andrej,19/06/1991,TSG Hoffenheim (GER),GER,177
Croatia,CRO,10,MF,MODRIC Luka,09/09/1985,AC Milan (ITA),ITA,172
Croatia,CRO,11,FW,BUDIMIR Ante,22/07/1991,CA Osasuna (ESP),ESP,190
Croatia,CRO,12,GK,PANDUR Ivor,25/03/2000,Hull City FC (ENG),ENG,187
Croatia,CRO,13,MF,VLASIC Nikola,04/10/1997,Torino FC (ITA),ITA,179
Croatia,CRO,14,FW,PERISIC Ivan,02/02/1989,PSV Eindhoven (NED),NED,186
Croatia,CRO,15,MF,PASALIC Mario,09/02/1995,Atalanta Bergamo (ITA),ITA,188
Croatia,CRO,16,MF,BATURINA Martin,16/02/2003,Como (ITA),ITA,172
Croatia,CRO,17,MF,SUCIC Petar,25/10/2003,FC Internazionale Milano (ITA),ITA,183
Croatia,CRO,18,DF,JAKIC Kristijan,14/05/1997,FC Augsburg (GER),GER,181
Croatia,CRO,19,MF,FRUK Toni,09/03/2001,HNK Rijeka (CRO),CRO,177
Croatia,CRO,20,FW,MATANOVIC Igor,31/03/2003,SC Freiburg (GER),GER,194
Croatia,CRO,21,MF,SUCIC Luka,08/09/2002,Real Sociedad (ESP),ESP,185
Croatia,CRO,22,DF,VUSKOVIC Luka,24/02/2007,Hamburger SV (GER),GER,193
Croatia,CRO,23,GK,KOTARSKI Dominik,10/02/2000,FC København (DEN),DEN,190
Croatia,CRO,24,FW,PASALIC Marco,14/09/2000,Orlando City SC (USA),USA,177
Croatia,CRO,25,DF,ERLIC Martin,24/01/1998,FC Midtjylland (DEN),DEN,192
Croatia,CRO,26,FW,MUSA Petar,04/03/1998,FC Dallas (USA),USA,190
Curaçao,CUW,1,GK,ROOM Eloy,06/02/1989,Miami FC (USA),USA,190
Curaçao,CUW,2,DF,SAMBO Shurandy,19/08/2001,Sparta Rotterdam (NED),NED,174
Curaçao,CUW,3,DF,GAARI Jurien,23/12/1993,Abha Club (KSA),KSA,183
Curaçao,CUW,4,DF,VAN EIJMA Roshon,09/06/1998,RKC Waalwijk (NED),NED,186
Curaçao,CUW,5,DF,FLORANUS Sherel,23/08/1998,PEC Zwolle (NED),NED,181
Curaçao,CUW,6,MF,ROEMERATOE Godfried,19/08/1999,RKC Waalwijk (NED),NED,178
Curaçao,CUW,7,MF,BACUNA Juninho,07/08/1997,FC Volendam (NED),NED,178
Curaçao,CUW,8,MF,COMENENCIA Livano,03/02/2004,FC Zürich (SUI),SUI,185
Curaçao,CUW,9,FW,LOCADIA Juergen,07/11/1993,Miami FC (USA),USA,193
Curaçao,CUW,10,MF,BACUNA Leandro,21/08/1991,Iğdır FK (TUR),TUR,180
Curaçao,CUW,11,FW,ANTONISSE Jeremy,29/03/2002,AE Ki sia FC (GRE),GRE,164
Curaçao,CUW,12,FW,HANSEN Sontje,18/05/2002,Middlesbrough FC (ENG),ENG,176
Curaçao,CUW,13,FW,NOSLIN Tyrese,11/09/2002,SC Telstar (NED),NED,182
Curaçao,CUW,14,FW,GORRE Kenji,29/09/1994,Maccabi Haifa FC (ISR),ISR,174
Curaçao,CUW,15,MF,MARTHA Arjany,04/09/2003,Rotherham United FC (ENG),ENG,180
Curaçao,CUW,16,FW,MARGARITHA Jearl,10/04/2000,SK Beveren (BEL),BEL,181
Curaçao,CUW,17,FW,KUWAS Brandley,19/09/1992,FC Volendam (NED),NED,181
Curaçao,CUW,18,DF,OBISPO Armando,05/03/1999,PSV Eindhoven (NED),NED,185
Curaçao,CUW,19,FW,KASTANEER Gervane,09/06/1996,Terengganu FC (MAS),MAS,189
Curaçao,CUW,20,DF,BRENET Joshua,20/03/1994,Kayserispor (TUR),TUR,181
Curaçao,CUW,21,MF,CHONG Tahith,04/12/1999,She eld United FC (ENG),ENG,185
Curaçao,CUW,22,MF,FELIDA Kevin,11/11/1999,FC Den Bosch (NED),NED,174
Curaçao,CUW,23,DF,BAZOER Riechedly,12/10/1996,Konyaspor (TUR),TUR,184
Curaçao,CUW,24,DF,FONVILLE Deveron,16/05/2003,NEC Nijmegen (NED),NED,188
Curaçao,CUW,25,GK,BODAK Tyrick,15/05/2002,SC Telstar (NED),NED,190
Curaçao,CUW,26,GK,DOORNBUSCH Trevor,06/07/1999,VVV Venlo (NED),NED,188
Czechia,CZE,1,GK,KOVAR Matej,17/05/2000,PSV Eindhoven (NED),NED,196
Czechia,CZE,2,DF,ZIMA David,08/11/2000,SK Slavia Praha (CZE),CZE,190
Czechia,CZE,3,DF,HOLES Tomas,31/03/1993,SK Slavia Praha (CZE),CZE,180
Czechia,CZE,4,DF,HRANAC Robin,29/01/2000,TSG Hoffenheim (GER),GER,189
Czechia,CZE,5,DF,COUFAL Vladimir,22/08/1992,TSG Hoffenheim (GER),GER,175
Czechia,CZE,6,DF,CHALOUPEK Stepan,08/03/2003,SK Slavia Praha (CZE),CZE,188
Czechia,CZE,7,DF,KREJCI Ladislav,20/04/1999,Wolverhampton Wanderers FC (ENG),ENG,191
Czechia,CZE,8,MF,DARIDA Vladimir,08/08/1990,FC Hradec Králové (CZE),CZE,172
Czechia,CZE,9,FW,HLOZEK Adam,25/07/2002,TSG Hoffenheim (GER),GER,188
Czechia,CZE,10,FW,SCHICK Patrik,24/01/1996,Bayer Leverkusen (GER),GER,191
Czechia,CZE,11,FW,KUCHTA Jan,08/01/1997,AC Sparta Praha (CZE),CZE,185
Czechia,CZE,12,MF,CERV Lukas,10/04/2001,FC Viktoria Plzeň (CZE),CZE,182
Czechia,CZE,13,FW,CHYTIL Mojmir,29/04/1999,SK Slavia Praha (CZE),CZE,187
Czechia,CZE,14,DF,JURASEK David,07/08/2000,SK Slavia Praha (CZE),CZE,183
Czechia,CZE,15,FW,SULC Pavel,29/12/2000,Olympique Lyonnais (FRA),FRA,177
Czechia,CZE,16,GK,STANEK Jindrich,27/04/1996,SK Slavia Praha (CZE),CZE,192
Czechia,CZE,17,MF,PROVOD Lukas,23/10/1996,SK Slavia Praha (CZE),CZE,191
Czechia,CZE,18,MF,SADILEK Michal,31/05/1999,SK Slavia Praha (CZE),CZE,169
Czechia,CZE,19,FW,CHORY Tomas,26/01/1995,SK Slavia Praha (CZE),CZE,199
Czechia,CZE,20,DF,ZELENY Jaroslav,20/08/1992,AC Sparta Praha (CZE),CZE,190
Czechia,CZE,21,DF,DOUDERA David,31/05/1998,SK Slavia Praha (CZE),CZE,175
Czechia,CZE,22,MF,SOUCEK Tomas,27/02/1995,West Ham United FC (ENG),ENG,192
Czechia,CZE,23,GK,HORNICEK Lukas,13/07/2002,SC Braga (POR),POR,198
Czechia,CZE,24,MF,SOJKA Alexandr,02/04/2003,FC Viktoria Plzeň (CZE),CZE,188
Czechia,CZE,25,MF,SOCHUREK Hugo,07/06/2008,AC Sparta Praha (CZE),CZE,183
Czechia,CZE,26,FW,VISINSKY Denis,21/03/2003,FC Viktoria Plzeň (CZE),CZE,178
Ecuador,ECU,1,GK,GALINDEZ Hernan,30/03/1987,CA Huracán (ARG),ARG,189
Ecuador,ECU,2,DF,TORRES Felix,11/01/1997,SC Internacional (BRA),BRA,187
Ecuador,ECU,3,DF,HINCAPIE Piero,09/01/2002,Arsenal FC (ENG),ENG,183
Ecuador,ECU,4,DF,ORDONEZ Joel,21/04/2004,Club Brugge (BEL),BEL,188
Ecuador,ECU,5,MF,ALCIVAR Jordy,05/08/1999,Independiente Del Valle (ECU),ECU,168
Ecuador,ECU,6,DF,PACHO Willian,16/10/2001,Paris Saint-Germain (FRA),FRA,188
Ecuador,ECU,7,DF,ESTUPINAN Pervis,21/01/1998,AC Milan (ITA),ITA,175
Ecuador,ECU,8,MF,VALENCIA Anthony,21/07/2003,Royal Antwerp FC (BEL),BEL,173
Ecuador,ECU,9,FW,YEBOAH John,23/06/2000,Venezia FC (ITA),ITA,170
Ecuador,ECU,10,MF,PAEZ Kendry,04/05/2007,CA River Plate (ARG),ARG,178
Ecuador,ECU,11,FW,RODRIGUEZ Kevin,04/03/2000,Royale Union Saint-Gilloise (BEL),BEL,190
Ecuador,ECU,12,GK,RAMIREZ Moises,09/09/2000,AE Ki sia FC (GRE),GRE,185
Ecuador,ECU,13,FW,VALENCIA Enner,04/11/1989,CF Pachuca (MEX),MEX,177
Ecuador,ECU,14,MF,MINDA Alan,14/05/2003,Atlético Mineiro (BRA),BRA,174
Ecuador,ECU,15,MF,VITE Pedro,09/03/2002,Pumas UNAM (MEX),MEX,172
Ecuador,ECU,16,FW,CAICEDO Jordy,18/11/1997,CA Huracán (ARG),ARG,186
Ecuador,ECU,17,DF,PRECIADO Angelo,18/02/1998,Atlético Mineiro (BRA),BRA,174
Ecuador,ECU,18,MF,CASTILLO Denil,24/03/2004,FC Midtjylland (DEN),DEN,189
Ecuador,ECU,19,FW,PLATA Gonzalo,01/11/2000,CR Flamengo (BRA),BRA,178
Ecuador,ECU,20,FW,ANGULO Nilson,19/06/2003,Sunderland AFC (ENG),ENG,184
Ecuador,ECU,21,MF,FRANCO Alan,21/08/1998,Atlético Mineiro (BRA),BRA,175
Ecuador,ECU,22,GK,VALLE Gonzalo,28/02/1996,LDU Quito (ECU),ECU,186
Ecuador,ECU,23,MF,CAICEDO Moises,02/11/2001,Chelsea FC (ENG),ENG,178
Ecuador,ECU,24,FW,AREVALO Jeremy,19/03/2005,VfB Stuttgart (GER),GER,182
Ecuador,ECU,25,DF,POROZO Jackson,04/08/2000,Club Tijuana (MEX),MEX,192
Ecuador,ECU,26,DF,MEDINA Yaimar,05/11/2004,KRC Genk (BEL),BEL,173
Egypt,EGY,1,GK,MOHAMED ELSHENAWY,18/12/1988,Al Ahly FC (EGY),EGY,191
Egypt,EGY,2,DF,YASSER IBRAHIM,10/02/1993,Al Ahly FC (EGY),EGY,185
Egypt,EGY,3,DF,MOHAMED HANY,02/02/1996,Al Ahly FC (EGY),EGY,175
Egypt,EGY,4,DF,HOSSAM ABDELMAGUID,30/04/2001,Zamalek SC (EGY),EGY,193
Egypt,EGY,5,DF,RAMY RABIA,20/05/1993,Al Ain FC (UAE),UAE,183
Egypt,EGY,6,DF,MOHAMED ABDELMONEIM,01/02/1999,OGC Nice (FRA),FRA,184
Egypt,EGY,7,FW,TREZEGUET,01/10/1994,Al Ahly FC (EGY),EGY,181
Egypt,EGY,8,MF,EMAM ASHOUR,20/02/1998,Al Ahly FC (EGY),EGY,180
Egypt,EGY,9,FW,HAMZA ABDELKARIM,01/01/2008,FC Barcelona (ESP),ESP,182
Egypt,EGY,10,FW,MOHAMED SALAH,15/06/1992,Liverpool FC (ENG),ENG,175
Egypt,EGY,11,MF,MOSTAFA ZICO,27/04/1997,Pyramids FC (EGY),EGY,179
Egypt,EGY,12,FW,HAISSEM HASSAN,08/02/2002,Real Oviedo (ESP),ESP,175
Egypt,EGY,13,DF,AHMED FATOUH,22/03/1998,Zamalek SC (EGY),EGY,177
Egypt,EGY,14,MF,HAMDY FATHY,29/09/1994,Al Wakrah SC (QAT),QAT,183
Egypt,EGY,15,DF,KARIM HAFEZ,12/03/1996,Pyramids FC (EGY),EGY,174
Egypt,EGY,16,GK,MAHDY SOLIMAN,08/06/1987,Zamalek SC (EGY),EGY,189
Egypt,EGY,17,MF,MOHANAD LASHIN,29/05/1996,Pyramids FC (EGY),EGY,186
Egypt,EGY,18,MF,NABIL DONGA,06/04/1996,Al Najmah SC (KSA),KSA,179
Egypt,EGY,19,MF,MARAWAN ATTIA,01/08/1998,Al Ahly FC (EGY),EGY,176
Egypt,EGY,20,FW,IBRAHIM ADEL,23/04/2001,FC Nordsjælland (DEN),DEN,178
Egypt,EGY,21,MF,MAHMOUD SABER,30/07/2001,ZED FC (EGY),EGY,170
Egypt,EGY,22,FW,OMAR MARMOUSH,07/02/1999,Manchester City FC (ENG),ENG,180
Egypt,EGY,23,GK,MOSTAFA SHOUBIR,15/05/2000,Al Ahly FC (EGY),EGY,195
Egypt,EGY,24,DF,TAREK ALAA,05/01/2002,ZED FC (EGY),EGY,178
Egypt,EGY,25,FW,ZIZO,10/01/1996,Al Ahly FC (EGY),EGY,175
Egypt,EGY,26,GK,MOHAMED ALAA,01/01/1999,El Gouna FC (EGY),EGY,188
England,ENG,1,GK,PICKFORD Jordan,07/03/1994,Everton FC (ENG),ENG,185
England,ENG,2,DF,KONSA Ezri,23/10/1997,Aston Villa FC (ENG),ENG,180
England,ENG,3,DF,OREILLY Nico,21/03/2005,Manchester City FC (ENG),ENG,177
England,ENG,4,MF,RICE Declan,14/01/1999,Arsenal FC (ENG),ENG,185
England,ENG,5,DF,STONES John,28/05/1994,Manchester City FC (ENG),ENG,188
England,ENG,6,DF,GUEHI Marc,13/07/2000,Manchester City FC (ENG),ENG,183
England,ENG,7,FW,SAKA Bukayo,05/09/2001,Arsenal FC (ENG),ENG,178
England,ENG,8,MF,ANDERSON Elliot,06/11/2002,Nottingham Forest FC (ENG),ENG,179
England,ENG,9,FW,KANE Harry,28/07/1993,FC Bayern München (GER),GER,190
England,ENG,10,MF,BELLINGHAM Jude,29/06/2003,Real Madrid C. F. (ESP),ESP,183
England,ENG,11,FW,RASHFORD Marcus,31/10/1997,FC Barcelona (ESP),ESP,180
England,ENG,12,DF,LIVRAMENTO Tino,12/11/2002,Newcastle United FC (ENG),ENG,182
England,ENG,13,GK,HENDERSON Dean,12/03/1997,Crystal Palace FC (ENG),ENG,188
England,ENG,14,MF,HENDERSON Jordan,17/06/1990,Brentford FC (ENG),ENG,183
England,ENG,15,DF,BURN Dan,09/05/1992,Newcastle United FC (ENG),ENG,201
England,ENG,16,MF,MAINOO Kobbie,19/04/2005,Manchester United FC (ENG),ENG,183
England,ENG,17,MF,ROGERS Morgan,26/07/2002,Aston Villa FC (ENG),ENG,187
England,ENG,18,FW,GORDON Anthony,24/02/2001,Newcastle United FC (ENG),ENG,182
England,ENG,19,FW,WATKINS Ollie,30/12/1995,Aston Villa FC (ENG),ENG,180
England,ENG,20,FW,MADUEKE Noni,10/03/2002,Arsenal FC (ENG),ENG,182
England,ENG,21,MF,EZE Eberechi,29/06/1998,Arsenal FC (ENG),ENG,178
England,ENG,22,FW,TONEY Ivan,16/03/1996,Al Ahli FC (KSA),KSA,185
England,ENG,23,GK,TRAFFORD James,10/10/2002,Manchester City FC (ENG),ENG,197
England,ENG,24,DF,JAMES Reece,08/12/1999,Chelsea FC (ENG),ENG,180
England,ENG,25,DF,SPENCE Djed,09/08/2000,Tottenham Hotspur FC (ENG),ENG,184
England,ENG,26,DF,QUANSAH Jarell,29/01/2003,Bayer Leverkusen (GER),GER,190
France,FRA,1,GK,SAMBA Brice,25/04/1994,Stade Rennais FC (FRA),FRA,187
France,FRA,2,DF,GUSTO Malo,19/05/2003,Chelsea FC (ENG),ENG,179
France,FRA,3,DF,DIGNE Lucas,20/07/1993,Aston Villa FC (ENG),ENG,178
France,FRA,4,DF,UPAMECANO Dayot,27/10/1998,FC Bayern München (GER),GER,186
France,FRA,5,DF,KOUNDE Jules,12/11/1998,FC Barcelona (ESP),ESP,178
France,FRA,6,MF,KONE Manu,17/05/2001,AS Roma (ITA),ITA,185
France,FRA,7,FW,DEMBELE Ousmane,15/05/1997,Paris Saint-Germain (FRA),FRA,179
France,FRA,8,MF,TCHOUAMENI Aurelien,27/01/2000,Real Madrid C. F. (ESP),ESP,188
France,FRA,9,FW,THURAM Marcus,06/08/1997,FC Internazionale Milano (ITA),ITA,192
France,FRA,10,FW,MBAPPE Kylian,20/12/1998,Real Madrid C. F. (ESP),ESP,180
France,FRA,11,FW,OLISE Michael,12/12/2001,FC Bayern München (GER),GER,184
France,FRA,12,FW,BARCOLA Bradley,02/09/2002,Paris Saint-Germain (FRA),FRA,187
France,FRA,13,MF,KANTE Ngolo,29/03/1991,Fenerbahçe SK (TUR),TUR,171
France,FRA,14,MF,RABIOT Adrien,03/04/1995,AC Milan (ITA),ITA,191
France,FRA,15,DF,KONATE Ibrahima,25/05/1999,Liverpool FC (ENG),ENG,194
France,FRA,16,GK,MAIGNAN Mike,03/07/1995,AC Milan (ITA),ITA,191
France,FRA,17,DF,SALIBA William,24/03/2001,Arsenal FC (ENG),ENG,192
France,FRA,18,MF,ZAIRE-EMERY Warren,08/03/2006,Paris Saint-Germain (FRA),FRA,176
France,FRA,19,DF,HERNANDEZ Theo,06/10/1997,Al Hilal SC (KSA),KSA,184
France,FRA,20,FW,DOUE Desire,03/06/2005,Paris Saint-Germain (FRA),FRA,182
France,FRA,21,DF,HERNANDEZ Lucas,14/02/1996,Paris Saint-Germain (FRA),FRA,184
France,FRA,22,FW,MATETA Jean-Philippe,28/06/1997,Crystal Palace FC (ENG),ENG,192
France,FRA,23,GK,RISSER Robin,02/12/2004,RC Lens (FRA),FRA,193
France,FRA,24,MF,CHERKI Rayan,17/08/2003,Manchester City FC (ENG),ENG,180
France,FRA,25,MF,AKLIOUCHE Maghnes,25/02/2002,AS Monaco (FRA),FRA,183
France,FRA,26,DF,LACROIX Maxence,06/04/2000,Crystal Palace FC (ENG),ENG,192
Germany,GER,1,GK,NEUER Manuel,27/03/1986,FC Bayern München (GER),GER,193
Germany,GER,2,DF,RUEDIGER Antonio,03/03/1993,Real Madrid C. F. (ESP),ESP,190
Germany,GER,3,DF,ANTON Waldemar,20/07/1996,Borussia Dortmund (GER),GER,189
Germany,GER,4,DF,TAH Jonathan,11/02/1996,FC Bayern München (GER),GER,195
Germany,GER,5,MF,PAVLOVIC Aleksandar,03/05/2004,FC Bayern München (GER),GER,188
Germany,GER,6,DF,KIMMICH Joshua,08/02/1995,FC Bayern München (GER),GER,177
Germany,GER,7,FW,HAVERTZ Kai,11/06/1999,Arsenal FC (ENG),ENG,190
Germany,GER,8,MF,GORETZKA Leon,06/02/1995,FC Bayern München (GER),GER,189
Germany,GER,9,MF,LEWELING Jamie,26/02/2001,VfB Stuttgart (GER),GER,185
Germany,GER,10,MF,MUSIALA Jamal,26/02/2003,FC Bayern München (GER),GER,180
Germany,GER,11,FW,WOLTEMADE Nick,14/02/2002,Newcastle United FC (ENG),ENG,198
Germany,GER,12,GK,BAUMANN Oliver,02/06/1990,TSG Hoffenheim (GER),GER,187
Germany,GER,13,MF,GROSS Pascal,15/06/1991,Brighton & Hove Albion FC (ENG),ENG,181
Germany,GER,14,FW,BEIER Maximilian,17/10/2002,Borussia Dortmund (GER),GER,185
Germany,GER,15,DF,SCHLOTTERBECK Nico,01/12/1999,Borussia Dortmund (GER),GER,191
Germany,GER,16,MF,STILLER Angelo,04/04/2001,VfB Stuttgart (GER),GER,183
Germany,GER,17,MF,WIRTZ Florian,03/05/2003,Liverpool FC (ENG),ENG,176
Germany,GER,18,DF,BROWN Nathaniel,16/06/2003,Eintracht Frankfurt (GER),GER,176
Germany,GER,19,MF,SANE Leroy,11/01/1996,Galatasaray SK (TUR),TUR,183
Germany,GER,20,MF,AMIRI Nadiem,27/10/1996,1. FSV Mainz 05 (GER),GER,178
Germany,GER,21,GK,NUEBEL Alexander,30/09/1996,VfB Stuttgart (GER),GER,193
Germany,GER,22,DF,RAUM David,22/04/1998,RB Leipzig (GER),GER,180
Germany,GER,23,MF,NMECHA Felix,10/10/2000,Borussia Dortmund (GER),GER,190
Germany,GER,24,DF,THIAW Malick,08/08/2001,Newcastle United FC (ENG),ENG,194
Germany,GER,25,MF,KARL Lennart,22/02/2008,FC Bayern München (GER),GER,170
Germany,GER,26,FW,UNDAV Deniz,19/07/1996,VfB Stuttgart (GER),GER,179
Ghana,GHA,1,GK,ZIGI Lawrence Ati,29/11/1996,FC St. Gallen (SUI),SUI,188
Ghana,GHA,2,DF,SEIDU Alidu,04/06/2000,Stade Rennais FC (FRA),FRA,173
Ghana,GHA,3,MF,YIRENKYI Caleb,15/01/2006,FC Nordsjælland (DEN),DEN,182
Ghana,GHA,4,DF,ADJETEY Jonas,13/12/2003,VfL Wolfsburg (GER),GER,188
Ghana,GHA,5,MF,PARTEY Thomas,13/06/1993,Villarreal CF (ESP),ESP,185
Ghana,GHA,6,DF,MUMIN Abdul,06/06/1998,Rayo Vallecano (ESP),ESP,188
Ghana,GHA,7,FW,ISSAHAKU Fatawu,08/03/2004,Leicester City FC (ENG),ENG,177
Ghana,GHA,8,MF,SIBO Kwasi,24/06/1998,Real Oviedo (ESP),ESP,183
Ghana,GHA,9,FW,AYEW Jordan,11/09/1991,Leicester City FC (ENG),ENG,182
Ghana,GHA,10,FW,THOMAS-ASANTE Brandon,29/12/1998,Coventry City FC (ENG),ENG,182
Ghana,GHA,11,MF,SEMENYO Antoine,07/01/2000,Manchester City FC (ENG),ENG,185
Ghana,GHA,12,GK,ANANG Joseph,08/06/2000,St Patrick's Athletic FC (IRL),IRL,190
Ghana,GHA,13,FW,BAAH Christopher Bonsu,14/12/2004,Al Qadsiah FC (KSA),KSA,172
Ghana,GHA,14,DF,MENSAH Gideon,18/07/1998,AJ Auxerre (FRA),FRA,178
Ghana,GHA,15,MF,OWUSU Elisha,07/11/1997,AJ Auxerre (FRA),FRA,182
Ghana,GHA,16,GK,ASARE Benjamin,13/07/1992,Hearts Of Oak SC (GHA),GHA,188
Ghana,GHA,17,DF,RAHMAN Baba,02/07/1994,PAOK Saloniki (GRE),GRE,179
Ghana,GHA,18,DF,OPOKU Jerome,14/10/1998,Başakşehir FK (TUR),TUR,197
Ghana,GHA,19,FW,WILLIAMS Inaki,15/06/1994,Athletic Club (ESP),ESP,186
Ghana,GHA,20,MF,BOAKYE Augustine,03/11/2000,AS Saint-Etienne (FRA),FRA,178
Ghana,GHA,21,DF,OPPONG Kojo Peprah,04/06/2004,OGC Nice (FRA),FRA,185
Ghana,GHA,22,FW,SULEMANA Kamaldeen,15/02/2002,Atalanta Bergamo (ITA),ITA,174
Ghana,GHA,23,DF,LUCKASSEN Derrick,03/07/1995,Pafos FC (CYP),CYP,188
Ghana,GHA,24,FW,NUAMAH Ernest,01/11/2003,Olympique Lyonnais (FRA),FRA,178
Ghana,GHA,25,FW,ADU Prince,23/09/2003,FC Viktoria Plzeň (CZE),CZE,179
Ghana,GHA,26,DF,SENAYA Marvin,28/01/2001,AJ Auxerre (FRA),FRA,181
Haiti,HAI,1,GK,PLACIDE Johny,29/01/1988,SC Bastia (FRA),FRA,181
Haiti,HAI,2,DF,ARCUS Carlens,28/06/1996,Angers SCO (FRA),FRA,180
Haiti,HAI,3,DF,THERMONCY Keeto,29/03/2006,BSC Young Boys (SUI),SUI,179
Haiti,HAI,4,DF,ADE Ricardo,21/05/1990,LDU Quito (ECU),ECU,190
Haiti,HAI,5,DF,DELCROIX Hannes,28/02/1999,FC Lugano (SUI),SUI,183
Haiti,HAI,6,MF,SAINTE Carl,09/08/2002,El Paso Locomotive FC (USA),USA,182
Haiti,HAI,7,FW,ETIENNE Derrick,25/11/1996,Toronto FC (CAN),CAN,178
Haiti,HAI,8,DF,EXPERIENCE Martin,09/03/1999,AS Nancy (FRA),FRA,178
Haiti,HAI,9,FW,NAZON Duckens,07/04/1994,Esteghlal Tehran FC (IRN),IRN,181
Haiti,HAI,10,MF,BELLEGARDE Jean-Ricner,27/06/1998,Wolverhampton Wanderers FC (ENG),ENG,170
Haiti,HAI,11,FW,DEEDSON Louicius,11/02/2001,FC Dallas (USA),USA,178
Haiti,HAI,12,GK,PIERRE Alexandre,25/02/2001,FC Sochaux-Montbéliard (FRA),FRA,190
Haiti,HAI,13,DF,LACROIX Markhus,14/10/1993,Colorado Springs Switchbacks FC (USA),USA,175
Haiti,HAI,14,MF,PIERRE Leverton,09/03/1998,FC Vizela (POR),POR,181
Haiti,HAI,15,FW,PROVIDENCE Ruben,07/07/2001,Almere City FC (NED),NED,178
Haiti,HAI,16,FW,JOSEPH Lenny,12/10/2000,Ferencvárosi TC (HUN),HUN,182
Haiti,HAI,17,MF,JEAN JACQUES Danley,20/05/2000,Philadelphia Union (USA),USA,182
Haiti,HAI,18,FW,ISIDOR Wilson,27/08/2000,Sunderland AFC (ENG),ENG,184
Haiti,HAI,19,FW,FORTUNE Yassin,30/01/1999,FC Vizela (POR),POR,186
Haiti,HAI,20,FW,PIERROT Frantzdy,29/03/1995,Çaykur Rizespor (TUR),TUR,194
Haiti,HAI,21,FW,CASIMIR Josue,24/09/2001,AJ Auxerre (FRA),FRA,178
Haiti,HAI,22,DF,DUVERNE Jean-Kevin,12/07/1997,KAA Gent (BEL),BEL,184
Haiti,HAI,23,GK,DUVERGER Josue,27/04/2000,FC Cosmos Koblenz (GER),GER,187
Haiti,HAI,24,DF,PAUGAIN Wilguens,24/08/2001,SV Zulte Waregem (BEL),BEL,180
Haiti,HAI,25,MF,SIMON Dominique,29/07/2000,FC Tatran Prešov (SVK),SVK,178
Haiti,HAI,26,MF,PIERRE Woodensky,30/12/2004,Violette AC (HAI),HAI,177
IR Iran,IRN,1,GK,BEIRANVAND Alireza,21/09/1992,Tractor Sazi Tabriz FC (IRN),IRN,195
IR Iran,IRN,2,DF,HARDANI Saleh,26/12/1998,Esteghlal Tehran FC (IRN),IRN,176
IR Iran,IRN,3,DF,HAJISAFI Ehsan,25/02/1990,Sepahan SC (IRN),IRN,178
IR Iran,IRN,4,DF,KHALILZADEH Shoja,14/05/1989,Tractor Sazi Tabriz FC (IRN),IRN,183
IR Iran,IRN,5,DF,MOHAMMADI Milad,29/09/1993,Persepolis FC (IRN),IRN,175
IR Iran,IRN,6,MF,EZATOLAHI Saeid,01/10/1996,Shabab Al Ahli Club (UAE),UAE,189
IR Iran,IRN,7,MF,JAHANBAKHSH Alireza,11/08/1993,FCV Dender EH (BEL),BEL,180
IR Iran,IRN,8,MF,MOHEBBI Mohammad,20/12/1998,FC Rostov (RUS),RUS,187
IR Iran,IRN,9,FW,TAREMI Mehdi,18/07/1992,Olympiacos FC (GRE),GRE,187
IR Iran,IRN,10,FW,GHAYEDI Mehdi,05/12/1998,Al Nasr SC (UAE),UAE,166
IR Iran,IRN,11,FW,ALIPOUR Ali,11/11/1995,Persepolis FC (IRN),IRN,181
IR Iran,IRN,12,GK,NIAZMAND Payam,06/04/1995,Persepolis FC (IRN),IRN,193
IR Iran,IRN,13,DF,KANANI Hossein,23/03/1994,Persepolis FC (IRN),IRN,188
IR Iran,IRN,14,MF,GHODDOS Saman,06/09/1993,Al Ittihad Kalba SCC (UAE),UAE,176
IR Iran,IRN,15,MF,CHESHMI Roozbeh,24/07/1993,Esteghlal Tehran FC (IRN),IRN,192
IR Iran,IRN,16,MF,TORABI Mehdi,10/09/1994,Tractor Sazi Tabriz FC (IRN),IRN,185
IR Iran,IRN,17,DF,YOUSEFI Arya,22/04/2002,Sepahan SC (IRN),IRN,181
IR Iran,IRN,18,FW,HOSSEINZADEH Amirhossein,30/10/2000,Tractor Sazi Tabriz FC (IRN),IRN,178
IR Iran,IRN,19,DF,NEMATI Ali,08/02/1996,Foolad Khuzestan FC (IRN),IRN,182
IR Iran,IRN,20,FW,MOGHANLOO Shahriyar,21/12/1994,Al Ittihad Kalba SCC (UAE),UAE,189
IR Iran,IRN,21,MF,GHORBANI Mohammad,07/10/2001,Al Wahda SC (UAE),UAE,190
IR Iran,IRN,22,GK,HOSSEINI Hossein,30/06/1992,Sepahan SC (IRN),IRN,189
IR Iran,IRN,23,DF,REZAEIAN Ramin,21/03/1990,Foolad Khuzestan FC (IRN),IRN,184
IR Iran,IRN,24,FW,DARGAHI Dennis,09/01/1997,Standard Liège (BEL),BEL,182
IR Iran,IRN,25,DF,IRI Danial,26/10/2003,Malavan Anzali FC (IRN),IRN,182
IR Iran,IRN,26,MF,RAZAGHINIA Amirmohammad,11/04/2006,Esteghlal Tehran FC (IRN),IRN,187
Iraq,IRQ,1,GK,FAHAD TALIB,21/10/1994,Al Talaba SC (IRQ),IRQ,192
Iraq,IRQ,2,DF,REBIN GHAREEB,12/04/1992,Port FC (THA),THA,193
Iraq,IRQ,3,DF,HUSSEIN ALI,01/03/2002,Pogoń Szczecin (POL),POL,182
Iraq,IRQ,4,DF,ZAID TAHSEEN,29/01/2001,Pakhtakor Tashkent FK (UZB),UZB,187
Iraq,IRQ,5,DF,AKAM HASHIM,16/08/1998,Al Zawra'a SC (IRQ),IRQ,184
Iraq,IRQ,6,DF,MUNAF YOUNUS,16/11/1996,Al Shorta SC (IRQ),IRQ,184
Iraq,IRQ,7,MF,YOUSSEF AMYN,21/08/2003,AEK Larnaca FC (CYP),CYP,172
Iraq,IRQ,8,MF,IBRAHIM BAYESH,01/05/2000,Al Dhafra SCC (UAE),UAE,180
Iraq,IRQ,9,FW,ALI ALHAMADI,01/03/2002,Luton Town FC (ENG),ENG,187
Iraq,IRQ,10,FW,MOHANAD ALI,20/06/2000,Dibba FC (UAE),UAE,183
Iraq,IRQ,11,FW,AHMED QASIM,12/07/2003,Nashville SC (USA),USA,183
Iraq,IRQ,12,GK,JALAL HASSAN,18/05/1991,Al Zawra'a SC (IRQ),IRQ,188
Iraq,IRQ,13,FW,ALI YOUSIF,19/01/1996,Al Talaba SC (IRQ),IRQ,180
Iraq,IRQ,14,MF,ZIDANE IQBAL,27/04/2003,FC Utrecht (NED),NED,183
Iraq,IRQ,15,DF,AHMED YAHYA,01/07/1995,Al Shorta SC (IRQ),IRQ,187
Iraq,IRQ,16,MF,AMIR ALAMMARI,27/07/1997,KS Cracovia (POL),POL,180
Iraq,IRQ,17,FW,ALI JASIM,20/01/2004,Al Najmah SC (KSA),KSA,178
Iraq,IRQ,18,FW,AYMEN HUSSEIN,22/03/1996,Al Karma SC (IRQ),IRQ,190
Iraq,IRQ,19,MF,KEVIN YAKOB,10/10/2000,Aarhus GF (DEN),DEN,180
Iraq,IRQ,20,MF,AIMAR SHER,20/12/2002,Sarpsborg 08 FF (NOR),NOR,180
Iraq,IRQ,21,FW,MARKO FARJI,16/03/2004,Venezia FC (ITA),ITA,185
Iraq,IRQ,22,GK,AHMED BASIL,19/08/1996,Al Shorta SC (IRQ),IRQ,184
Iraq,IRQ,23,DF,MERCHAS DOSKI,07/12/1999,FC Viktoria Plzeň (CZE),CZE,173
Iraq,IRQ,24,MF,ZAID ISMAEL,03/01/2002,Al Talaba SC (IRQ),IRQ,185
Iraq,IRQ,25,DF,MUSTAFA SAADOON,25/05/2001,Al Shorta SC (IRQ),IRQ,181
Iraq,IRQ,26,DF,FRANS PUTROS,14/07/1993,Persib Bandung (IDN),IDN,182
Japan,JPN,1,GK,SUZUKI Zion,21/08/2002,Parma (ITA),ITA,190
Japan,JPN,2,DF,SUGAWARA Yukinari,28/06/2000,SV Werder Bremen (GER),GER,179
Japan,JPN,3,DF,TANIGUCHI Shogo,15/07/1991,Sint-Truiden VV (BEL),BEL,185
Japan,JPN,4,DF,ITAKURA Kou,27/01/1997,AFC Ajax (NED),NED,188
Japan,JPN,5,DF,NAGATOMO Yuto,12/09/1986,FC Tokyo (JPN),JPN,170
Japan,JPN,6,MF,ENDO Wataru,09/02/1993,Liverpool FC (ENG),ENG,178
Japan,JPN,7,MF,TANAKA Ao,10/09/1998,Leeds United FC (ENG),ENG,180
Japan,JPN,8,MF,KUBO Takefusa,04/06/2001,Real Sociedad (ESP),ESP,173
Japan,JPN,9,FW,GOTO Keisuke,03/06/2005,Sint-Truiden VV (BEL),BEL,191
Japan,JPN,10,MF,DOAN Ritsu,16/06/1998,Eintracht Frankfurt (GER),GER,172
Japan,JPN,11,MF,MAEDA Daizen,20/10/1997,Celtic FC (SCO),SCO,173
Japan,JPN,12,GK,OSAKO Keisuke,28/07/1999,Sanfrecce Hiroshima (JPN),JPN,188
Japan,JPN,13,MF,NAKAMURA Keito,28/07/2000,Stade Reims (FRA),FRA,180
Japan,JPN,14,MF,ITO Junya,09/03/1993,KRC Genk (BEL),BEL,177
Japan,JPN,15,MF,KAMADA Daichi,05/08/1996,Crystal Palace FC (ENG),ENG,180
Japan,JPN,16,DF,WATANABE Tsuyoshi,05/02/1997,Feyenoord Rotterdam (NED),NED,184
Japan,JPN,17,MF,SUZUKI Yuito,25/10/2001,SC Freiburg (GER),GER,175
Japan,JPN,18,FW,UEDA Ayase,28/08/1998,Feyenoord Rotterdam (NED),NED,182
Japan,JPN,19,FW,OGAWA Koki,08/08/1997,NEC Nijmegen (NED),NED,186
Japan,JPN,20,DF,SEKO Ayumu,07/06/2000,Le Havre AC (FRA),FRA,186
Japan,JPN,21,DF,ITO Hiroki,12/05/1999,FC Bayern München (GER),GER,188
Japan,JPN,22,DF,TOMIYASU Takehiro,05/11/1998,AFC Ajax (NED),NED,187
Japan,JPN,23,GK,HAYAKAWA Tomoki,03/03/1999,Kashima Antlers (JPN),JPN,187
Japan,JPN,24,MF,SANO Kaishu,30/12/2000,1. FSV Mainz 05 (GER),GER,176
Japan,JPN,25,DF,SUZUKI Junnosuke,12/07/2003,FC København (DEN),DEN,180
Japan,JPN,26,FW,SHIOGAI Kento,26/03/2005,VfL Wolfsburg (GER),GER,180
Jordan,JOR,1,GK,YAZEED ABULAILA,08/01/1993,Al Hussein SC (JOR),JOR,188
Jordan,JOR,2,DF,MOHAMMAD ABUHASHEESH,09/05/1995,Al Karma SC (IRQ),IRQ,179
Jordan,JOR,3,DF,ABDALLAH NASIB,25/02/1994,Al Zawra'a SC (IRQ),IRQ,184
Jordan,JOR,4,DF,HUSAM ABUDAHAB,13/05/2000,Al Faisaly SC (JOR),JOR,186
Jordan,JOR,5,DF,YAZAN ALARAB,31/01/1996,FC Seoul (KOR),KOR,185
Jordan,JOR,6,MF,AMER JAMOUS,03/07/2002,Al Zawra'a SC (IRQ),IRQ,177
Jordan,JOR,7,FW,MOHAMMAD ABUZRAIQ,30/12/1997,Raja Casablanca (MAR),MAR,170
Jordan,JOR,8,MF,NOOR ALRAWABDEH,24/02/1997,Selangor FC (MAS),MAS,182
Jordan,JOR,9,FW,ALI OLWAN,26/03/2000,Al Sailiya SC (QAT),QAT,182
Jordan,JOR,10,FW,MOUSA ALTAMARI,10/06/1997,Stade Rennais FC (FRA),FRA,176
Jordan,JOR,11,FW,ODEH FAKHOURY,22/11/2005,Pyramids FC (EGY),EGY,180
Jordan,JOR,12,GK,NOUR BANIATEYAH,25/01/1993,Al Faisaly SC (JOR),JOR,179
Jordan,JOR,13,FW,MAHMOUD ALMARDI,06/10/1993,Al Hussein SC (JOR),JOR,173
Jordan,JOR,14,MF,RAJAEI AYED,25/07/1993,Al Hussein SC (JOR),JOR,175
Jordan,JOR,15,MF,IBRAHIM SADEH,27/04/2000,Al Karma SC (IRQ),IRQ,175
Jordan,JOR,16,DF,MOHAMMAD ABUALNADI,08/02/2001,Selangor FC (MAS),MAS,185
Jordan,JOR,17,DF,SALEEM OBAID,17/01/1992,Al Hussein SC (JOR),JOR,187
Jordan,JOR,18,FW,IBRAHIM SABRA,01/02/2006,NK Lokomotiva Zagreb (CRO),CRO,184
Jordan,JOR,19,DF,SAED ALROSAN,01/02/1997,Al Hussein SC (JOR),JOR,186
Jordan,JOR,20,MF,MOHANNAD ABUTAHA,02/02/2003,Al-Quwa Al-Jawiya (IRQ),IRQ,173
Jordan,JOR,21,MF,NIZAR ALRASHDAN,23/03/1999,Qatar SC (QAT),QAT,183
Jordan,JOR,22,GK,ABDALLAH ALFAKHORI,22/01/2000,Al Wahdat SC (JOR),JOR,190
Jordan,JOR,23,DF,EHSAN HADDAD,05/02/1994,Al Hussein SC (JOR),JOR,174
Jordan,JOR,24,FW,ALI AZAIZEH,13/04/2004,Al Shabab FC (KSA),KSA,178
Jordan,JOR,25,MF,MOHAMMAD ALDAOUD,12/04/1992,Al Wahdat SC (JOR),JOR,185
Jordan,JOR,26,DF,ANAS BADAWI,13/09/1997,Al Faisaly SC (JOR),JOR,174
Korea Republic,KOR,1,GK,KIM Seunggyu,30/09/1990,FC Tokyo (JPN),JPN,187
Korea Republic,KOR,2,DF,LEE Hanbeom,17/06/2002,FC Midtjylland (DEN),DEN,188
Korea Republic,KOR,3,MF,LEE Gihyuk,07/07/2000,Gangwon FC (KOR),KOR,184
Korea Republic,KOR,4,DF,KIM Minjae,15/11/1996,FC Bayern München (GER),GER,190
Korea Republic,KOR,5,DF,KIM Taehyeon,17/09/2000,Kashima Antlers (JPN),JPN,186
Korea Republic,KOR,6,MF,HWANG Inbeom,20/09/1996,Feyenoord Rotterdam (NED),NED,177
Korea Republic,KOR,7,FW,SON Heungmin,08/07/1992,LAFC (USA),USA,183
Korea Republic,KOR,8,MF,PAIK Seungho,17/03/1997,Birmingham City FC (ENG),ENG,182
Korea Republic,KOR,9,FW,CHO Guesung,25/01/1998,FC Midtjylland (DEN),DEN,188
Korea Republic,KOR,10,MF,LEE Jaesung,10/08/1992,1. FSV Mainz 05 (GER),GER,180
Korea Republic,KOR,11,MF,HWANG Heechan,26/01/1996,Wolverhampton Wanderers FC (ENG),ENG,177
Korea Republic,KOR,12,GK,SONG Bumkeun,15/10/1997,Jeonbuk Hyundai Motors FC (KOR),KOR,196
Korea Republic,KOR,13,DF,LEE Taeseok,28/07/2002,FK Austria Wien (AUT),AUT,174
Korea Republic,KOR,14,DF,CHO Wije,25/08/2001,Jeonbuk Hyundai Motors FC (KOR),KOR,190
Korea Republic,KOR,15,DF,KIM Moonhwan,01/08/1995,Daejeon Hana Citizen FC (KOR),KOR,173
Korea Republic,KOR,16,DF,PARK Jinseob,23/10/1995,Zhejiang FC (CHN),CHN,183
Korea Republic,KOR,17,MF,BAE Junho,21/08/2003,Stoke City FC (ENG),ENG,180
Korea Republic,KOR,18,FW,OH Hyeongyu,12/04/2001,Beşiktaş JK (TUR),TUR,183
Korea Republic,KOR,19,MF,LEE Kangin,19/02/2001,Paris Saint-Germain (FRA),FRA,174
Korea Republic,KOR,20,MF,YANG Hyunjun,25/05/2002,Celtic FC (SCO),SCO,179
Korea Republic,KOR,21,GK,JO Hyeonwoo,25/09/1991,Ulsan HD (KOR),KOR,189
Korea Republic,KOR,22,DF,SEOL Youngwoo,05/12/1998,FK Crvena Zvezda (SRB),SRB,180
Korea Republic,KOR,23,DF,CASTROP Jens,29/07/2003,Borussia Mönchengladbach (GER),GER,178
Korea Republic,KOR,24,MF,KIM Jingyu,24/02/1997,Jeonbuk Hyundai Motors FC (KOR),KOR,177
Korea Republic,KOR,25,MF,EOM Jisung,09/05/2002,Swansea City AFC (WAL),WAL,177
Korea Republic,KOR,26,MF,LEE Donggyeong,20/09/1997,Ulsan HD (KOR),KOR,175
Mexico,MEX,1,GK,RANGEL Raul,25/02/2000,CD Guadalajara (MEX),MEX,190
Mexico,MEX,2,DF,SANCHEZ Jorge,10/12/1997,PAOK Saloniki (GRE),GRE,176
Mexico,MEX,3,DF,MONTES Cesar,24/02/1997,FC Lokomotiv Moscow (RUS),RUS,191
Mexico,MEX,4,DF,ALVAREZ Edson,24/10/1997,Fenerbahçe SK (TUR),TUR,180
Mexico,MEX,5,DF,VASQUEZ Johan,22/10/1998,Genoa CFC (ITA),ITA,182
Mexico,MEX,6,MF,LIRA Erik,08/05/2000,CF Cruz Azul (MEX),MEX,172
Mexico,MEX,7,MF,ROMO Luis,05/06/1995,CD Guadalajara (MEX),MEX,183
Mexico,MEX,8,MF,FIDALGO Alvaro,09/04/1997,Real Betis (ESP),ESP,175
Mexico,MEX,9,FW,JIMENEZ Raul,05/05/1991,Fulham FC (ENG),ENG,188
Mexico,MEX,10,FW,VEGA Alexis,25/11/1997,Deportivo Toluca FC (MEX),MEX,175
Mexico,MEX,11,FW,GIMENEZ Santiago,18/04/2001,AC Milan (ITA),ITA,180
Mexico,MEX,12,GK,ACEVEDO Carlos,19/04/1996,Club Santos Laguna (MEX),MEX,185
Mexico,MEX,13,GK,OCHOA Guillermo,13/07/1985,AEL Limassol (CYP),CYP,185
Mexico,MEX,14,FW,GONZALEZ Armando,20/04/2003,CD Guadalajara (MEX),MEX,182
Mexico,MEX,15,DF,REYES Israel,23/05/2000,Club América (MEX),MEX,181
Mexico,MEX,16,FW,QUINONES Julian,24/03/1997,Al Qadsiah FC (KSA),KSA,177
Mexico,MEX,17,MF,PINEDA Orbelin,24/03/1996,AEK Athens (GRE),GRE,169
Mexico,MEX,18,MF,VARGAS Obed,05/08/2005,Atlético De Madrid (ESP),ESP,175
Mexico,MEX,19,MF,MORA Gilberto,14/10/2008,Club Tijuana (MEX),MEX,175
Mexico,MEX,20,DF,CHAVEZ Mateo,12/05/2004,AZ Alkmaar (NED),NED,178
Mexico,MEX,21,FW,HUERTA Cesar,03/12/2000,RSC Anderlecht (BEL),BEL,171
Mexico,MEX,22,FW,MARTINEZ Guillermo,15/03/1995,Pumas UNAM (MEX),MEX,191
Mexico,MEX,23,DF,GALLARDO Jesus,15/08/1994,Deportivo Toluca FC (MEX),MEX,174
Mexico,MEX,24,MF,CHAVEZ Luis,15/01/1996,FC Dynamo Moscow (RUS),RUS,178
Mexico,MEX,25,FW,ALVARADO Roberto,07/09/1998,CD Guadalajara (MEX),MEX,176
Mexico,MEX,26,MF,GUTIERREZ Brian,17/06/2003,CD Guadalajara (MEX),MEX,178
Morocco,MAR,1,GK,BOUNOU Yassine,05/04/1991,Al Hilal SC (KSA),KSA,192
Morocco,MAR,2,DF,HAKIMI Achraf,04/11/1998,Paris Saint-Germain (FRA),FRA,180
Morocco,MAR,3,DF,MAZRAOUI Noussair,14/11/1997,Manchester United FC (ENG),ENG,183
Morocco,MAR,4,MF,AMRABAT Sofyan,21/08/1996,Real Betis (ESP),ESP,185
Morocco,MAR,5,DF,AGUERD Nayef,30/03/1996,Olympique Marseille (FRA),FRA,190
Morocco,MAR,6,MF,BOUADDI Ayyoub,02/10/2007,Lille OSC (FRA),FRA,185
Morocco,MAR,7,MF,TALBI Chemsdine,09/05/2005,Sunderland AFC (ENG),ENG,175
Morocco,MAR,8,MF,OUNAHI Azzedine,19/04/2000,Girona FC (ESP),ESP,182
Morocco,MAR,9,FW,RAHIMI Sou ane,02/06/1996,Al Ain FC (UAE),UAE,180
Morocco,MAR,10,FW,DIAZ Brahim,03/08/1999,Real Madrid C. F. (ESP),ESP,170
Morocco,MAR,11,MF,SAIBARI Ismael,28/01/2001,PSV Eindhoven (NED),NED,185
Morocco,MAR,12,GK,EL KAJOUI Munir,10/05/1989,RS Berkane (MAR),MAR,190
Morocco,MAR,13,DF,EL OUAHDI Zakaria,31/12/2001,KRC Genk (BEL),BEL,171
Morocco,MAR,14,DF,DIOP Issa,09/01/1997,Fulham FC (ENG),ENG,194
Morocco,MAR,15,MF,EL MOURABET Samir,06/10/2005,RC Strasbourg (FRA),FRA,187
Morocco,MAR,16,MF,YASSINE Gessime,22/11/2005,RC Strasbourg (FRA),FRA,172
Morocco,MAR,17,FW,EZZALZOULI Abde,17/12/2001,Real Betis (ESP),ESP,177
Morocco,MAR,18,DF,RIAD Chadi,17/06/2003,Crystal Palace FC (ENG),ENG,186
Morocco,MAR,19,DF,BELAMMARI Youssef,20/09/1998,Al Ahly FC (EGY),EGY,175
Morocco,MAR,20,FW,EL KAABI Ayoub,25/06/1993,Olympiacos FC (GRE),GRE,182
Morocco,MAR,21,FW,AMAIMOUNI Ayoube,30/11/2004,Eintracht Frankfurt (GER),GER,179
Morocco,MAR,22,GK,TAGNAOUTI Ahmed Reda,05/04/1996,ASFAR (MAR),MAR,194
Morocco,MAR,23,MF,EL KHANNOUSS Bilal,10/05/2004,VfB Stuttgart (GER),GER,180
Morocco,MAR,24,MF,EL AYNAOUI Neil,02/07/2001,AS Roma (ITA),ITA,185
Morocco,MAR,25,DF,HALHAL Redouane,05/03/2003,KV Mechelen (BEL),BEL,189
Morocco,MAR,26,DF,SALAH EDDINE Anass,18/01/2002,PSV Eindhoven (NED),NED,181
Netherlands,NED,1,GK,VERBRUGGEN Bart,18/08/2002,Brighton & Hove Albion FC (ENG),ENG,193
Netherlands,NED,2,DF,TIMBER Jurrien,17/06/2001,Arsenal FC (ENG),ENG,179
Netherlands,NED,3,MF,DE ROON Marten,29/03/1991,Atalanta Bergamo (ITA),ITA,186
Netherlands,NED,4,DF,VAN DIJK Virgil,08/07/1991,Liverpool FC (ENG),ENG,195
Netherlands,NED,5,DF,AKE Nathan,18/02/1995,Manchester City FC (ENG),ENG,180
Netherlands,NED,6,DF,VAN HECKE Jan Paul,08/06/2000,Brighton & Hove Albion FC (ENG),ENG,189
Netherlands,NED,7,MF,KLUIVERT Justin,05/05/1999,AFC Bournemouth (ENG),ENG,173
Netherlands,NED,8,MF,GRAVENBERCH Ryan,16/05/2002,Liverpool FC (ENG),ENG,190
Netherlands,NED,9,FW,WEGHORST Wout,07/08/1992,AFC Ajax (NED),NED,197
Netherlands,NED,10,FW,DEPAY Memphis,13/02/1994,SC Corinthians (BRA),BRA,178
Netherlands,NED,11,FW,GAKPO Cody,07/05/1999,Liverpool FC (ENG),ENG,193
Netherlands,NED,12,DF,WIEFFER Mats,16/11/1999,Brighton & Hove Albion FC (ENG),ENG,189
Netherlands,NED,13,GK,ROEFS Robin,17/01/2003,Sunderland AFC (ENG),ENG,193
Netherlands,NED,14,MF,REIJNDERS Tijjani,29/07/1998,Manchester City FC (ENG),ENG,178
Netherlands,NED,15,DF,VAN DE VEN Micky,19/04/2001,Tottenham Hotspur FC (ENG),ENG,193
Netherlands,NED,16,MF,TIL Guus,22/12/1997,PSV Eindhoven (NED),NED,188
Netherlands,NED,17,FW,LANG Noa,17/06/1999,Galatasaray SK (TUR),TUR,176
Netherlands,NED,18,FW,MALEN Donyell,19/01/1999,AS Roma (ITA),ITA,178
Netherlands,NED,19,FW,BROBBEY Brian,01/02/2002,Sunderland AFC (ENG),ENG,181
Netherlands,NED,20,MF,KOOPMEINERS Teun,28/02/1998,Juventus FC (ITA),ITA,185
Netherlands,NED,21,MF,DE JONG Frenkie,12/05/1997,FC Barcelona (ESP),ESP,181
Netherlands,NED,22,DF,DUMFRIES Denzel,18/04/1996,FC Internazionale Milano (ITA),ITA,188
Netherlands,NED,23,GK,FLEKKEN Mark,13/06/1993,Bayer Leverkusen (GER),GER,195
Netherlands,NED,24,FW,SUMMERVILLE Crysencio,30/10/2001,West Ham United FC (ENG),ENG,172
Netherlands,NED,25,DF,HATO Jorrel,07/03/2006,Chelsea FC (ENG),ENG,182
Netherlands,NED,26,MF,TIMBER Quinten,17/06/2001,Olympique Marseille (FRA),FRA,176
New Zealand,NZL,1,GK,CROCOMBE Max,12/08/1993,Millwall FC (ENG),ENG,190
New Zealand,NZL,2,DF,PAYNE Tim,10/01/1994,Wellington Phoenix FC (NZL),NZL,179
New Zealand,NZL,3,DF,DE VRIES Francis,28/11/1994,Auckland FC (NZL),NZL,181
New Zealand,NZL,4,DF,BINDON Tyler,27/01/2005,She eld United FC (ENG),ENG,190
New Zealand,NZL,5,DF,BOXALL Michael,18/08/1988,Minnesota United FC (USA),USA,191
New Zealand,NZL,6,MF,BELL Joe,27/04/1999,Viking Stavanger (NOR),NOR,182
New Zealand,NZL,7,MF,GARBETT Matthew,13/04/2002,Peterborough United FC (ENG),ENG,192
New Zealand,NZL,8,MF,STAMENIC Marko,19/02/2002,Swansea City AFC (WAL),WAL,188
New Zealand,NZL,9,FW,WOOD Chris,07/12/1991,Nottingham Forest FC (ENG),ENG,191
New Zealand,NZL,10,MF,SINGH Sarpreet,20/02/1999,Wellington Phoenix FC (NZL),NZL,180
New Zealand,NZL,11,MF,JUST Elijah,01/05/2000,Motherwell FC (SCO),SCO,176
New Zealand,NZL,12,GK,PAULSEN Alex,04/07/2002,Lechia Gdańsk (POL),POL,193
New Zealand,NZL,13,DF,CACACE Liberato,27/09/2000,Wrexham AFC (WAL),WAL,182
New Zealand,NZL,14,MF,RUFER Alex,12/06/1996,Wellington Phoenix FC (NZL),NZL,180
New Zealand,NZL,15,DF,PIJNAKER Nando,25/02/1999,Auckland FC (NZL),NZL,185
New Zealand,NZL,16,DF,SURMAN Finn,23/09/2003,Portland Timbers (USA),USA,190
New Zealand,NZL,17,FW,BARBAROUSES Kosta,19/02/1990,WS Wanderers FC (AUS),AUS,171
New Zealand,NZL,18,FW,WAINE Ben,11/06/2001,Port Vale FC (ENG),ENG,185
New Zealand,NZL,19,MF,OLD Ben,13/08/2002,AS Saint-Etienne (FRA),FRA,173
New Zealand,NZL,20,MF,McCOWATT Callum,30/04/1999,Silkeborg IF (DEN),DEN,180
New Zealand,NZL,21,FW,RANDALL Jesse,19/08/2002,Auckland FC (NZL),NZL,176
New Zealand,NZL,22,GK,WOUD Michael,16/01/1999,Auckland FC (NZL),NZL,196
New Zealand,NZL,23,MF,THOMAS Ryan,20/12/1994,PEC Zwolle (NED),NED,176
New Zealand,NZL,24,DF,ELLIOT Callan,07/07/1999,Auckland FC (NZL),NZL,177
New Zealand,NZL,25,MF,BAYLISS Lachlan,24/07/2002,Newcastle United Jets FC (AUS),AUS,178
New Zealand,NZL,26,DF,SMITH Tommy,31/03/1990,Braintree Town FC (ENG),ENG,188
Norway,NOR,1,GK,NYLAND Orjan,10/09/1990,Sevilla FC (ESP),ESP,192
Norway,NOR,2,MF,THORSBY Morten,05/05/1996,US Cremonese (ITA),ITA,188
Norway,NOR,3,DF,AJER Kristoffer,17/04/1998,Brentford FC (ENG),ENG,198
Norway,NOR,4,DF,OSTIGARD Leo,28/11/1999,Genoa CFC (ITA),ITA,183
Norway,NOR,5,DF,MOLLER WOLFE David,23/04/2002,Wolverhampton Wanderers FC (ENG),ENG,185
Norway,NOR,6,MF,BERG Patrick,24/11/1997,FK Bodø/Glimt (NOR),NOR,178
Norway,NOR,7,FW,SORLOTH Alexander,05/12/1995,Atlético De Madrid (ESP),ESP,196
Norway,NOR,8,MF,BERGE Sander,14/02/1998,Fulham FC (ENG),ENG,195
Norway,NOR,9,FW,HAALAND Erling,21/07/2000,Manchester City FC (ENG),ENG,195
Norway,NOR,10,MF,ODEGAARD Martin,17/12/1998,Arsenal FC (ENG),ENG,178
Norway,NOR,11,FW,STRAND LARSEN Jorgen,06/02/2000,Crystal Palace FC (ENG),ENG,193
Norway,NOR,12,GK,TANGVIK Sander,29/11/2002,Hamburger SV (GER),GER,193
Norway,NOR,13,GK,SELVIK Egil,30/07/1997,Watford FC (ENG),ENG,187
Norway,NOR,14,MF,AURSNES Fredrik,10/12/1995,SL Ben ca (POR),POR,181
Norway,NOR,15,DF,BJORKAN Fredrik Andre,21/08/1998,FK Bodø/Glimt (NOR),NOR,180
Norway,NOR,16,DF,HOLMGREN PEDERSEN Marcus,16/07/2000,Torino FC (ITA),ITA,184
Norway,NOR,17,DF,HEGGEM Torbjorn,12/01/1999,Bologna FC (ITA),ITA,192
Norway,NOR,18,MF,THORSTVEDT Kristian,13/03/1999,US Sassuolo (ITA),ITA,189
Norway,NOR,19,MF,AASGAARD Thelo,02/05/2002,Rangers FC (SCO),SCO,188
Norway,NOR,20,FW,NUSA Antonio,17/04/2005,RB Leipzig (GER),GER,183
Norway,NOR,21,MF,SCHJELDERUP Andreas,01/06/2004,SL Ben ca (POR),POR,177
Norway,NOR,22,MF,BOBB Oscar,12/07/2003,Fulham FC (ENG),ENG,177
Norway,NOR,23,MF,HAUGE Jens Petter,12/10/1999,FK Bodø/Glimt (NOR),NOR,184
Norway,NOR,24,DF,LANGAS Sondre,02/02/2001,Derby County FC (ENG),ENG,190
Norway,NOR,25,DF,FALCHENER Henrik,08/05/2003,Viking Stavanger (NOR),NOR,194
Norway,NOR,26,FW,RYERSON Julian,17/11/1997,Borussia Dortmund (GER),GER,186
Panama,PAN,1,GK,MEJIA Luis,16/03/1991,Club Nacional (URU),URU,193
Panama,PAN,2,DF,BLACKMAN Cesar,02/04/1998,ŠK Slovan Bratislava (SVK),SVK,174
Panama,PAN,3,DF,CORDOBA Jose,03/06/2001,Norwich City FC (ENG),ENG,189
Panama,PAN,4,DF,ESCOBAR Fidel,09/01/1995,Deportivo Saprissa (CRC),CRC,184
Panama,PAN,5,DF,FARINA Edgardo,19/10/2001,FC Pari Nizhny Novgorod (RUS),RUS,195
Panama,PAN,6,MF,MARTINEZ Cristian,06/02/1997,Hapoel Kiryat Shmona FC (ISR),ISR,170
Panama,PAN,7,MF,RODRIGUEZ Jose Luis,19/06/1998,FC Juárez (MEX),MEX,180
Panama,PAN,8,MF,CARRASQUILLA Adalberto,28/11/1998,Pumas UNAM (MEX),MEX,171
Panama,PAN,9,FW,RODRIGUEZ Tomas,09/03/1999,Deportivo Saprissa (CRC),CRC,183
Panama,PAN,10,MF,DIAZ Ismael,12/05/1997,Club León (MEX),MEX,184
Panama,PAN,11,MF,BARCENAS Edgar Yoel,23/10/1993,Mazatlán FC (MEX),MEX,175
Panama,PAN,12,GK,SAMUDIO Cesar,23/02/1994,CD Marathón (HON),HON,189
Panama,PAN,13,DF,RAMOS Jiovany,26/01/1997,Puerto Cabello CF (VEN),VEN,188
Panama,PAN,14,DF,HARVEY Carlos,03/02/2000,Minnesota United FC (USA),USA,184
Panama,PAN,15,DF,DAVIS Eric,31/03/1991,CD Plaza Amador (PAN),PAN,180
Panama,PAN,16,DF,ANDRADE Andres,16/10/1998,LASK Linz (AUT),AUT,187
Panama,PAN,17,FW,FAJARDO Jose,18/08/1993,CD Universidad Católica (ECU),ECU,184
Panama,PAN,18,FW,WATERMAN Cecilio,13/04/1991,CD Universidad De Concepción (CHI),CHI,180
Panama,PAN,19,MF,QUINTERO Alberto,18/12/1987,CD Plaza Amador (PAN),PAN,165
Panama,PAN,20,MF,GODOY Anibal,10/02/1990,San Diego FC (USA),USA,184
Panama,PAN,21,MF,YANIS Cesar,28/01/1996,CD Cobresal (CHI),CHI,160
Panama,PAN,22,GK,MOSQUERA Orlando,25/12/1994,Al Fayha FC (KSA),KSA,191
Panama,PAN,23,DF,MURILLO Amir,11/02/1996,Beşiktaş JK (TUR),TUR,185
Panama,PAN,24,FW,LONDONO Azarias,21/06/2001,CD Universidad Católica (ECU),ECU,185
Panama,PAN,25,DF,MILLER Roderick,03/04/1992,Turan Tovuz (AZE),AZE,190
Panama,PAN,26,DF,GUTIERREZ Jorge,01/09/1998,Deportivo La Guaira (VEN),VEN,171
Paraguay,PAR,1,GK,FERNANDEZ Gatito,29/03/1988,Cerro Porteño (PAR),PAR,191
Paraguay,PAR,2,DF,VELAZQUEZ Gustavo,17/04/1991,Cerro Porteño (PAR),PAR,189
Paraguay,PAR,3,DF,ALDERETE Omar,26/12/1996,Sunderland AFC (ENG),ENG,190
Paraguay,PAR,4,DF,CACERES Juan Jose,01/06/2000,FC Dynamo Moscow (RUS),RUS,187
Paraguay,PAR,5,DF,BALBUENA Fabian,23/08/1991,Grêmio FBPA (BRA),BRA,188
Paraguay,PAR,6,DF,ALONSO Junior,09/02/1993,Atlético Mineiro (BRA),BRA,184
Paraguay,PAR,7,MF,SOSA Ramon,31/08/1999,SE Palmeiras (BRA),BRA,178
Paraguay,PAR,8,MF,GOMEZ Diego,27/03/2003,Brighton & Hove Albion FC (ENG),ENG,183
Paraguay,PAR,9,FW,SANABRIA Antonio,04/03/1996,US Cremonese (ITA),ITA,180
Paraguay,PAR,10,MF,ALMIRON Miguel,10/02/1994,Atlanta United FC (USA),USA,178
Paraguay,PAR,11,MF,MAURICIO,22/06/2001,SE Palmeiras (BRA),BRA,175
Paraguay,PAR,12,GK,GILL Orlando,11/06/2000,CA San Lorenzo (ARG),ARG,190
Paraguay,PAR,13,DF,CANALE Jose,20/07/1996,CA Lanús (ARG),ARG,192
Paraguay,PAR,14,MF,CUBAS Andres,11/05/1996,Vancouver Whitecaps FC (CAN),CAN,166
Paraguay,PAR,15,DF,GOMEZ Gustavo,06/05/1993,SE Palmeiras (BRA),BRA,179
Paraguay,PAR,16,MF,BOBADILLA Damian,11/07/2001,São Paulo FC (BRA),BRA,180
Paraguay,PAR,17,FW,ROMERO GAMARRA Alejandro,11/01/1995,Al Ain FC (UAE),UAE,165
Paraguay,PAR,18,FW,ARCE Alex,16/06/1995,CS Independiente Rivadavia (ARG),ARG,188
Paraguay,PAR,19,FW,ENCISO Julio,23/01/2004,RC Strasbourg (FRA),FRA,168
Paraguay,PAR,20,MF,OJEDA Braian,27/06/2000,Orlando City SC (USA),USA,173
Paraguay,PAR,21,FW,AVALOS Gabriel,12/10/1990,CA Independiente (ARG),ARG,185
Paraguay,PAR,22,GK,OLVEIRA Gaston,21/04/1993,Club Olimpia (PAR),PAR,191
Paraguay,PAR,23,MF,GALARZA Matias,11/02/2002,Atlanta United FC (USA),USA,175
Paraguay,PAR,24,MF,CABALLERO Gustavo,21/09/2001,Portsmouth FC (ENG),ENG,189
Paraguay,PAR,25,FW,PITTA Isidro,14/08/1999,Red Bull Bragantino (BRA),BRA,185
Paraguay,PAR,26,DF,MAIDANA Alexandro,26/07/2005,CA Talleres (ARG),ARG,173
Portugal,POR,1,GK,DIOGO COSTA,19/09/1999,FC Porto (POR),POR,188
Portugal,POR,2,DF,NELSON SEMEDO,16/11/1993,Fenerbahçe SK (TUR),TUR,179
Portugal,POR,3,DF,RUBEN DIAS,14/05/1997,Manchester City FC (ENG),ENG,187
Portugal,POR,4,DF,TOMAS ARAUJO,16/05/2002,SL Ben ca (POR),POR,187
Portugal,POR,5,DF,DIOGO DALOT,18/03/1999,Manchester United FC (ENG),ENG,184
Portugal,POR,6,MF,MATHEUS NUNES,27/08/1998,Manchester City FC (ENG),ENG,183
Portugal,POR,7,FW,CRISTIANO RONALDO,05/02/1985,Al Nassr FC (KSA),KSA,185
Portugal,POR,8,MF,BRUNO FERNANDES,08/09/1994,Manchester United FC (ENG),ENG,183
Portugal,POR,9,FW,GONCALO RAMOS,20/06/2001,Paris Saint-Germain (FRA),FRA,185
Portugal,POR,10,MF,BERNARDO SILVA,10/08/1994,Manchester City FC (ENG),ENG,173
Portugal,POR,11,FW,JOAO FELIX,10/11/1999,Al Nassr FC (KSA),KSA,179
Portugal,POR,12,GK,JOSE SA,17/01/1993,Wolverhampton Wanderers FC (ENG),ENG,192
Portugal,POR,13,DF,RENATO VEIGA,29/07/2003,Villarreal CF (ESP),ESP,188
Portugal,POR,14,DF,GONCALO INACIO,25/08/2001,Sporting CP (POR),POR,185
Portugal,POR,15,MF,JOAO NEVES,27/09/2004,Paris Saint-Germain (FRA),FRA,171
Portugal,POR,16,FW,FRANCISCO TRINCAO,29/12/1999,Sporting CP (POR),POR,184
Portugal,POR,17,FW,RAFAEL LEAO,10/06/1999,AC Milan (ITA),ITA,188
Portugal,POR,18,FW,PEDRO NETO,09/03/2000,Chelsea FC (ENG),ENG,174
Portugal,POR,19,FW,GONCALO GUEDES,29/11/1996,Real Sociedad (ESP),ESP,179
Portugal,POR,20,DF,JOAO CANCELO,27/05/1994,FC Barcelona (ESP),ESP,173
Portugal,POR,21,MF,RUBEN NEVES,13/03/1997,Al Hilal SC (KSA),KSA,183
Portugal,POR,22,GK,RUI SILVA,07/02/1994,Sporting CP (POR),POR,191
Portugal,POR,23,MF,VITINHA,13/02/2000,Paris Saint-Germain (FRA),FRA,170
Portugal,POR,24,DF,SAMU COSTA,27/11/2000,RCD Mallorca (ESP),ESP,185
Portugal,POR,25,DF,NUNO MENDES,19/06/2002,Paris Saint-Germain (FRA),FRA,177
Portugal,POR,26,FW,FRANCISCO CONCEICAO,14/12/2002,Juventus FC (ITA),ITA,166
Qatar,QAT,1,GK,MAHMOUD ABUNADA,05/02/2000,Al Rayyan SC (QAT),QAT,185
Qatar,QAT,2,DF,PEDRO MIGUEL,06/08/1990,Al Sadd SC (QAT),QAT,180
Qatar,QAT,3,DF,LUCAS MENDES,03/07/1990,Al Wakrah SC (QAT),QAT,179
Qatar,QAT,4,DF,ISSA LAYE,22/12/1997,Al Arabi SC (QAT),QAT,178
Qatar,QAT,5,DF,JASSEM GABER,20/02/2002,Al Rayyan SC (QAT),QAT,181
Qatar,QAT,6,MF,ABDULAZIZ HATEM,01/01/1990,Al Rayyan SC (QAT),QAT,179
Qatar,QAT,7,FW,AHMED ALAAELDIN,31/01/1993,Al Rayyan SC (QAT),QAT,179
Qatar,QAT,8,FW,EDMILSON JUNIOR,19/08/1994,Al Duhail SC (QAT),QAT,180
Qatar,QAT,9,FW,MOHAMMED MUNTARI,20/12/1993,Al Gharafa SC (QAT),QAT,192
Qatar,QAT,10,FW,HASSAN ALHAYDOS,11/12/1990,Al Sadd SC (QAT),QAT,174
Qatar,QAT,11,FW,AKRAM AFIF,18/11/1996,Al Sadd SC (QAT),QAT,176
Qatar,QAT,12,MF,KARIM BOUDIAF,16/09/1990,Al Duhail SC (QAT),QAT,190
Qatar,QAT,13,DF,AYOUB ALOUI,11/03/2005,Al Gharafa SC (QAT),QAT,181
Qatar,QAT,14,DF,HOMAM AHMED,25/08/1999,Cultural Leonesa (ESP),ESP,188
Qatar,QAT,15,FW,YUSUF ABDURISAG,06/08/1999,Al Wakrah SC (QAT),QAT,171
Qatar,QAT,16,DF,BOUALEM KHOUKHI,09/07/1990,Al Sadd SC (QAT),QAT,185
Qatar,QAT,17,MF,AHMED ALGANEHI,22/09/2000,Al Gharafa SC (QAT),QAT,175
Qatar,QAT,18,DF,SULTAN ALBRAKE,07/04/1996,Al Duhail SC (QAT),QAT,178
Qatar,QAT,19,FW,ALMOEZ ALI,19/08/1996,Al Duhail SC (QAT),QAT,180
Qatar,QAT,20,MF,AHMED FATHY,25/01/1993,Al Arabi SC (QAT),QAT,171
Qatar,QAT,21,GK,SALAH ZAKARIA,24/04/1999,Al Duhail SC (QAT),QAT,186
Qatar,QAT,22,GK,MESHAAL BARSHAM,14/02/1998,Al Sadd SC (QAT),QAT,180
Qatar,QAT,23,MF,ASSIM MADIBO,22/10/1996,Al Wakrah SC (QAT),QAT,168
Qatar,QAT,24,FW,TAHSIN JAMSHID,16/06/2006,Al Duhail SC (QAT),QAT,166
Qatar,QAT,25,DF,ALHASHMI ALHUSSEIN,15/08/2003,Al Arabi SC (QAT),QAT,182
Qatar,QAT,26,FW,MOHAMED MANAI,25/10/2002,Al Shamal SC (QAT),QAT,180
Saudi Arabia,KSA,1,GK,NAWAF ALAQIDI,10/05/2000,Al Nassr FC (KSA),KSA,186
Saudi Arabia,KSA,2,DF,ALI MAJRASHI,02/10/1999,Al Ahli FC (KSA),KSA,169
Saudi Arabia,KSA,3,DF,ALI LAJAMI,24/04/1996,Al Hilal SC (KSA),KSA,177
Saudi Arabia,KSA,4,DF,ABDULELAH ALAMRI,15/01/1997,Al Nassr FC (KSA),KSA,185
Saudi Arabia,KSA,5,DF,HASSAN ALTAMBAKTI,09/02/1999,Al Hilal SC (KSA),KSA,183
Saudi Arabia,KSA,6,MF,NASSER ALDAWSARI,19/12/1998,Al Hilal SC (KSA),KSA,178
Saudi Arabia,KSA,7,MF,MUSAB ALJUWAYR,20/06/2003,Al Qadsiah FC (KSA),KSA,175
Saudi Arabia,KSA,8,FW,AIMAN YAHYA,14/05/2001,Al Nassr FC (KSA),KSA,173
Saudi Arabia,KSA,9,FW,FERAS ALBRIKAN,14/05/2000,Al Ahli FC (KSA),KSA,185
Saudi Arabia,KSA,10,FW,SALEM ALDAWSARI,19/08/1991,Al Hilal SC (KSA),KSA,173
Saudi Arabia,KSA,11,FW,SALEH ALSHEHRI,01/11/1993,Al Ittihad (KSA),KSA,184
Saudi Arabia,KSA,12,DF,SAUD ABDULHAMID,18/07/1999,RC Lens (FRA),FRA,172
Saudi Arabia,KSA,13,DF,NAWAF BU WASHL,16/09/1999,Al Nassr FC (KSA),KSA,173
Saudi Arabia,KSA,14,DF,HASSAN KADISH,26/09/1992,Al Ittihad (KSA),KSA,179
Saudi Arabia,KSA,15,MF,ABDULLAH ALKHAIBARI,16/08/1996,Al Nassr FC (KSA),KSA,175
Saudi Arabia,KSA,16,MF,ZIYAD ALJOHANI,11/11/2001,Al Ahli FC (KSA),KSA,180
Saudi Arabia,KSA,17,FW,KHALID ALGHANNAM,08/11/2000,Al Ettifaq FC (KSA),KSA,171
Saudi Arabia,KSA,18,MF,ALA ALHAJJI,03/12/1995,Neom SC (KSA),KSA,178
Saudi Arabia,KSA,19,FW,ABDULLAH ALHAMDDAN,13/09/1999,Al Nassr FC (KSA),KSA,186
Saudi Arabia,KSA,20,FW,SULTAN MANDASH,17/10/1994,Al Hilal SC (KSA),KSA,172
Saudi Arabia,KSA,21,GK,MOHAMMED ALOWAIS,10/10/1991,Al Ula Saudi FC (KSA),KSA,185
Saudi Arabia,KSA,22,GK,AHMED ALKASSAR,08/05/1991,Al Qadsiah FC (KSA),KSA,178
Saudi Arabia,KSA,23,MF,MOHAMED KANNO,22/09/1994,Al Hilal SC (KSA),KSA,191
Saudi Arabia,KSA,24,DF,MOTEB ALHARBI,20/02/2000,Al Hilal SC (KSA),KSA,177
Saudi Arabia,KSA,25,DF,JEHAD THIKRI,21/07/2001,Al Qadsiah FC (KSA),KSA,184
Saudi Arabia,KSA,26,DF,MOHAMMED ABU ALSHAMAT,11/08/2002,Al Qadsiah FC (KSA),KSA,170
Scotland,SCO,1,GK,GUNN Angus,22/01/1996,Nottingham Forest FC (ENG),ENG,196
Scotland,SCO,2,DF,HICKEY Aaron,10/06/2002,Brentford FC (ENG),ENG,185
Scotland,SCO,3,DF,ROBERTSON Andy,11/03/1994,Liverpool FC (ENG),ENG,178
Scotland,SCO,4,MF,McTOMINAY Scott,08/12/1996,SSC Napoli (ITA),ITA,193
Scotland,SCO,5,DF,HANLEY Grant,20/11/1991,Hibernian FC (SCO),SCO,188
Scotland,SCO,6,DF,TIERNEY Kieran,05/06/1997,Celtic FC (SCO),SCO,180
Scotland,SCO,7,MF,McGINN John,18/10/1994,Aston Villa FC (ENG),ENG,178
Scotland,SCO,8,MF,FLETCHER Tyler,19/03/2007,Manchester United FC (ENG),ENG,183
Scotland,SCO,9,FW,DYKES Lyndon,07/10/1995,Charlton Athletic FC (ENG),ENG,188
Scotland,SCO,10,FW,ADAMS Che,13/07/1996,Torino FC (ITA),ITA,175
Scotland,SCO,11,MF,CHRISTIE Ryan,22/02/1995,AFC Bournemouth (ENG),ENG,178
Scotland,SCO,12,GK,KELLY Liam,23/01/1996,Rangers FC (SCO),SCO,184
Scotland,SCO,13,DF,HENDRY Jack,07/05/1995,Al Ettifaq FC (KSA),KSA,192
Scotland,SCO,14,FW,STEWART Ross,11/07/1996,Southampton FC (ENG),ENG,188
Scotland,SCO,15,DF,SOUTTAR John,25/09/1996,Rangers FC (SCO),SCO,186
Scotland,SCO,16,DF,HYAM Dominic,20/12/1995,Wrexham AFC (WAL),WAL,188
Scotland,SCO,17,FW,GANNON-DOAK Ben,11/11/2005,AFC Bournemouth (ENG),ENG,173
Scotland,SCO,18,FW,HIRST George,15/02/1999,Ipswich Town FC (ENG),ENG,191
Scotland,SCO,19,MF,FERGUSON Lewis,24/08/1999,Bologna FC (ITA),ITA,181
Scotland,SCO,20,FW,SHANKLAND Lawrence,10/08/1995,Heart Of Midlothian FC (SCO),SCO,185
Scotland,SCO,21,GK,GORDON Craig,31/12/1982,Heart Of Midlothian FC (SCO),SCO,193
Scotland,SCO,22,DF,PATTERSON Nathan,16/10/2001,Everton FC (ENG),ENG,183
Scotland,SCO,23,MF,McLEAN Kenny,08/01/1992,Norwich City FC (ENG),ENG,183
Scotland,SCO,24,DF,RALSTON Anthony,16/11/1998,Celtic FC (SCO),SCO,178
Scotland,SCO,25,FW,CURTIS Findlay,09/06/2006,Kilmarnock FC (SCO),SCO,180
Scotland,SCO,26,DF,McKENNA Scott,12/11/1996,GNK Dinamo Zagreb (CRO),CRO,189
Senegal,SEN,1,GK,DIOUF Yehvann,16/11/1999,OGC Nice (FRA),FRA,188
Senegal,SEN,2,DF,SARR Mamadou,29/08/2005,Chelsea FC (ENG),ENG,194
Senegal,SEN,3,DF,KOULIBALY Kalidou,20/06/1991,Al Hilal SC (KSA),KSA,186
Senegal,SEN,4,DF,SECK Abdoulaye,04/06/1992,Maccabi Haifa FC (ISR),ISR,192
Senegal,SEN,5,MF,GUEYE Idrissa Gana,26/09/1989,Everton FC (ENG),ENG,174
Senegal,SEN,6,MF,CISS Pathe,16/03/1994,Rayo Vallecano (ESP),ESP,186
Senegal,SEN,7,FW,DIAO Assane,07/09/2005,Como (ITA),ITA,185
Senegal,SEN,8,MF,CAMARA Lamine,01/01/2004,AS Monaco (FRA),FRA,174
Senegal,SEN,9,FW,DIENG Bamba,23/03/2000,FC Lorient (FRA),FRA,178
Senegal,SEN,10,FW,MANE Sadio,10/04/1992,Al Nassr FC (KSA),KSA,175
Senegal,SEN,11,FW,JACKSON Nicolas,20/06/2001,FC Bayern München (GER),GER,187
Senegal,SEN,12,FW,NDIAYE Cherif,23/01/1996,Samsunspor (TUR),TUR,190
Senegal,SEN,13,FW,NDIAYE Iliman,06/03/2000,Everton FC (ENG),ENG,180
Senegal,SEN,14,DF,JAKOBS Ismail,17/08/1999,Galatasaray SK (TUR),TUR,184
Senegal,SEN,15,DF,DIATTA Krepin,25/02/1999,AS Monaco (FRA),FRA,173
Senegal,SEN,16,GK,MENDY Edouard,01/03/1992,Al Ahli FC (KSA),KSA,194
Senegal,SEN,17,MF,SARR Pape Matar,14/09/2002,Tottenham Hotspur FC (ENG),ENG,185
Senegal,SEN,18,FW,SARR Ismaila,25/02/1998,Crystal Palace FC (ENG),ENG,185
Senegal,SEN,19,DF,NIAKHATE Moussa,08/03/1996,Olympique Lyonnais (FRA),FRA,190
Senegal,SEN,20,FW,MBAYE Ibrahim,24/01/2008,Paris Saint-Germain (FRA),FRA,175
Senegal,SEN,21,MF,DIARRA Habib,03/01/2004,Sunderland AFC (ENG),ENG,178
Senegal,SEN,22,MF,NDIAYE Bara Sapoko,31/12/2007,FC Bayern München (GER),GER,180
Senegal,SEN,23,GK,DIAW Mory,22/06/1993,Le Havre AC (FRA),FRA,197
Senegal,SEN,24,DF,MENDY Antoine,27/05/2004,OGC Nice (FRA),FRA,187
Senegal,SEN,25,DF,DIOUF El Hadji Malick,29/12/2004,West Ham United FC (ENG),ENG,177
Senegal,SEN,26,MF,GUEYE Pape,24/01/1999,Villarreal CF (ESP),ESP,189
South Africa,RSA,1,GK,WILLIAMS Ronwen,21/01/1992,Mamelodi Sundowns FC (RSA),RSA,184
South Africa,RSA,2,DF,MATULUDI Thabang,14/01/1999,Polokwane City FC (RSA),RSA,189
South Africa,RSA,3,DF,NDAMANE Khulumani,05/02/2004,Mamelodi Sundowns FC (RSA),RSA,183
South Africa,RSA,4,MF,MOKOENA Teboho,24/01/1997,Mamelodi Sundowns FC (RSA),RSA,177
South Africa,RSA,5,MF,MBATHA Thalente,06/03/2000,Orlando Pirates FC (RSA),RSA,179
South Africa,RSA,6,DF,MODIBA Aubrey,22/07/1995,Mamelodi Sundowns FC (RSA),RSA,171
South Africa,RSA,7,FW,APPOLLIS Oswin,25/08/2001,Orlando Pirates FC (RSA),RSA,171
South Africa,RSA,8,FW,MOREMI Tshepang,02/10/2000,Orlando Pirates FC (RSA),RSA,169
South Africa,RSA,9,FW,FOSTER Lyle,03/09/2000,Burnley FC (ENG),ENG,185
South Africa,RSA,10,FW,MOFOKENG Relebohile,23/10/2004,Orlando Pirates FC (RSA),RSA,168
South Africa,RSA,11,MF,ZWANE Themba,03/08/1989,Mamelodi Sundowns FC (RSA),RSA,178
South Africa,RSA,12,FW,MASEKO Thapelo,11/11/2003,AEL Limassol (CYP),CYP,178
South Africa,RSA,13,MF,SITHOLE Sphephelo,03/03/1999,CD Tondela (POR),POR,197
South Africa,RSA,14,DF,MBOKAZI Mbekezeli,19/09/2005,Chicago Fire FC (USA),USA,177
South Africa,RSA,15,FW,RAYNERS Iqraam,19/12/1995,Mamelodi Sundowns FC (RSA),RSA,174
South Africa,RSA,16,GK,CHAINE Sipho,14/12/1996,Orlando Pirates FC (RSA),RSA,186
South Africa,RSA,17,FW,MAKGOPA Evidence,05/06/2000,Orlando Pirates FC (RSA),RSA,183
South Africa,RSA,18,DF,KABINI Samukele,15/03/2004,Molde FK (NOR),NOR,179
South Africa,RSA,19,DF,SIBISI Nkosinathi,22/09/1995,Orlando Pirates FC (RSA),RSA,172
South Africa,RSA,20,DF,MUDAU Khuliso,26/04/1995,Mamelodi Sundowns FC (RSA),RSA,179
South Africa,RSA,21,DF,OKON Ime,20/02/2004,Hannover 96 (GER),GER,187
South Africa,RSA,22,GK,GOSS Ricardo,02/04/1994,Siwelele FC (RSA),RSA,181
South Africa,RSA,23,MF,ADAMS Jayden,05/05/2001,Mamelodi Sundowns FC (RSA),RSA,177
South Africa,RSA,24,DF,MAKHANYA Olwethu,30/04/2004,Philadelphia Union (USA),USA,185
South Africa,RSA,25,FW,SEBELEBELE Kamogelo,21/07/2002,Orlando Pirates FC (RSA),RSA,166
South Africa,RSA,26,DF,CROSS Bradley,30/01/2001,Kaizer Chiefs FC (RSA),RSA,175
Spain,ESP,1,GK,RAYA David,15/09/1995,Arsenal FC (ENG),ENG,186
Spain,ESP,2,DF,PUBILL Marc,20/06/2003,Atlético De Madrid (ESP),ESP,191
Spain,ESP,3,DF,GRIMALDO Alex,20/09/1995,Bayer Leverkusen (GER),GER,171
Spain,ESP,4,DF,GARCIA Eric,09/01/2001,FC Barcelona (ESP),ESP,183
Spain,ESP,5,DF,LLORENTE Marcos,30/01/1995,Atlético De Madrid (ESP),ESP,183
Spain,ESP,6,MF,MERINO Mikel,22/06/1996,Arsenal FC (ENG),ENG,188
Spain,ESP,7,FW,TORRES Ferran,29/02/2000,FC Barcelona (ESP),ESP,183
Spain,ESP,8,MF,RUIZ Fabian,03/04/1996,Paris Saint-Germain (FRA),FRA,188
Spain,ESP,9,MF,GAVI,05/08/2004,FC Barcelona (ESP),ESP,173
Spain,ESP,10,FW,OLMO Dani,07/05/1998,FC Barcelona (ESP),ESP,179
Spain,ESP,11,FW,PINO Yeremy,20/10/2002,Crystal Palace FC (ENG),ENG,174
Spain,ESP,12,DF,PORRO Pedro,13/09/1999,Tottenham Hotspur FC (ENG),ENG,173
Spain,ESP,13,GK,GARCIA Joan,04/05/2001,FC Barcelona (ESP),ESP,194
Spain,ESP,14,DF,LAPORTE Aymeric,27/05/1994,Athletic Club (ESP),ESP,191
Spain,ESP,15,MF,BAENA Alex,20/07/2001,Atlético De Madrid (ESP),ESP,172
Spain,ESP,16,MF,RODRI,22/06/1996,Manchester City FC (ENG),ENG,190
Spain,ESP,17,FW,WILLIAMS Nico,12/07/2002,Athletic Club (ESP),ESP,181
Spain,ESP,18,MF,ZUBIMENDI Martin,02/02/1999,Arsenal FC (ENG),ENG,181
Spain,ESP,19,FW,YAMAL Lamine,13/07/2007,FC Barcelona (ESP),ESP,183
Spain,ESP,20,MF,PEDRI,25/11/2002,FC Barcelona (ESP),ESP,174
Spain,ESP,21,FW,OYARZABAL Mikel,21/04/1997,Real Sociedad (ESP),ESP,181
Spain,ESP,22,DF,CUBARSI Pau,22/01/2007,FC Barcelona (ESP),ESP,183
Spain,ESP,23,GK,SIMON Unai,11/06/1997,Athletic Club (ESP),ESP,190
Spain,ESP,24,DF,CUCURELLA Marc,22/07/1998,Chelsea FC (ENG),ENG,173
Spain,ESP,25,FW,MUNOZ Victor,13/07/2003,CA Osasuna (ESP),ESP,173
Spain,ESP,26,FW,IGLESIAS Borja,17/01/1993,RC Celta Vigo (ESP),ESP,187
Sweden,SWE,1,GK,WIDELL ZETTERSTROM Jacob,11/07/1998,Derby County FC (ENG),ENG,197
Sweden,SWE,2,DF,LAGERBIELKE Gustaf,10/04/2000,SC Braga (POR),POR,193
Sweden,SWE,3,DF,LINDELOF Victor,17/07/1994,Aston Villa FC (ENG),ENG,187
Sweden,SWE,4,DF,HIEN Isak,13/01/1999,Atalanta Bergamo (ITA),ITA,191
Sweden,SWE,5,DF,GUDMUNDSSON Gabriel,29/04/1999,Leeds United FC (ENG),ENG,181
Sweden,SWE,6,DF,JOHANSSON Herman,16/10/1997,FC Dallas (USA),USA,190
Sweden,SWE,7,MF,BERGVALL Lucas,02/02/2006,Tottenham Hotspur FC (ENG),ENG,187
Sweden,SWE,8,DF,SVENSSON Daniel,12/02/2002,Borussia Dortmund (GER),GER,183
Sweden,SWE,9,FW,ISAK Alexander,21/09/1999,Liverpool FC (ENG),ENG,190
Sweden,SWE,10,MF,NYGREN Benjamin,08/07/2001,Celtic FC (SCO),SCO,187
Sweden,SWE,11,FW,ELANGA Anthony,27/04/2002,Newcastle United FC (ENG),ENG,178
Sweden,SWE,12,GK,JOHANSSON Viktor,14/09/1998,Stoke City FC (ENG),ENG,187
Sweden,SWE,13,MF,SEMA Ken,30/09/1993,Pafos FC (CYP),CYP,180
Sweden,SWE,14,DF,EKDAL Hjalmar,21/10/1998,Burnley FC (ENG),ENG,187
Sweden,SWE,15,DF,STARFELT Carl,01/06/1995,RC Celta Vigo (ESP),ESP,185
Sweden,SWE,16,MF,KARLSTROM Jesper,21/06/1995,Udinese (ITA),ITA,182
Sweden,SWE,17,FW,GYOKERES Viktor,04/06/1998,Arsenal FC (ENG),ENG,189
Sweden,SWE,18,MF,AYARI Yasin,06/10/2003,Brighton & Hove Albion FC (ENG),ENG,172
Sweden,SWE,19,MF,SVANBERG Mattias,05/01/1999,VfL Wolfsburg (GER),GER,186
Sweden,SWE,20,DF,SMITH Eric,08/01/1997,FC St. Pauli (GER),GER,192
Sweden,SWE,21,DF,BERNHARDSSON Alexander,08/09/1998,Holstein Kiel (GER),GER,184
Sweden,SWE,22,MF,ZENELI Besfort,21/11/2002,Royale Union Saint-Gilloise (BEL),BEL,187
Sweden,SWE,23,GK,NORDFELDT Kristoffer,23/06/1989,AIK Stockholm (SWE),SWE,190
Sweden,SWE,24,DF,STROUD Elliot,22/06/2002,Mjällby AIF (SWE),SWE,185
Sweden,SWE,25,FW,NILSSON Gustaf,23/05/1997,Club Brugge (BEL),BEL,197
Sweden,SWE,26,FW,ALI Taha,01/07/1998,Malmö FF (SWE),SWE,174
Switzerland,SUI,1,GK,KOBEL Gregor,06/12/1997,Borussia Dortmund (GER),GER,196
Switzerland,SUI,2,DF,MUHEIM Miro,24/03/1998,Hamburger SV (GER),GER,182
Switzerland,SUI,3,DF,WIDMER Silvan,05/03/1993,1. FSV Mainz 05 (GER),GER,183
Switzerland,SUI,4,DF,ELVEDI Nico,30/09/1996,Borussia Mönchengladbach (GER),GER,189
Switzerland,SUI,5,DF,AKANJI Manuel,19/07/1995,FC Internazionale Milano (ITA),ITA,188
Switzerland,SUI,6,MF,ZAKARIA Denis,20/11/1996,AS Monaco (FRA),FRA,189
Switzerland,SUI,7,FW,EMBOLO Breel,14/02/1997,Stade Rennais FC (FRA),FRA,184
Switzerland,SUI,8,MF,FREULER Remo,15/04/1992,Bologna FC (ITA),ITA,181
Switzerland,SUI,9,MF,MANZAMBI Johan,14/10/2005,SC Freiburg (GER),GER,182
Switzerland,SUI,10,MF,XHAKA Granit,27/09/1992,Sunderland AFC (ENG),ENG,183
Switzerland,SUI,11,FW,NDOYE Dan,25/10/2000,Nottingham Forest FC (ENG),ENG,184
Switzerland,SUI,12,GK,MVOGO Yvon,06/06/1994,FC Lorient (FRA),FRA,190
Switzerland,SUI,13,DF,RODRIGUEZ Ricardo,25/08/1992,Real Betis (ESP),ESP,182
Switzerland,SUI,14,MF,JASHARI Ardon,30/07/2002,AC Milan (ITA),ITA,181
Switzerland,SUI,15,MF,SOW Djibril,06/02/1997,Sevilla FC (ESP),ESP,183
Switzerland,SUI,16,FW,FASSNACHT Christian,11/11/1993,BSC Young Boys (SUI),SUI,185
Switzerland,SUI,17,FW,VARGAS Ruben,05/08/1998,Sevilla FC (ESP),ESP,179
Switzerland,SUI,18,DF,COEMERT Eray,04/02/1998,Valencia CF (ESP),ESP,183
Switzerland,SUI,19,FW,OKAFOR Noah,24/05/2000,Leeds United FC (ENG),ENG,185
Switzerland,SUI,20,MF,AEBISCHER Michel,06/01/1997,Pisa SC (ITA),ITA,183
Switzerland,SUI,21,GK,KELLER Marvin,03/07/2002,BSC Young Boys (SUI),SUI,189
Switzerland,SUI,22,MF,RIEDER Fabian,16/02/2002,FC Augsburg (GER),GER,181
Switzerland,SUI,23,FW,AMDOUNI Zeki,04/12/2000,Burnley FC (ENG),ENG,183
Switzerland,SUI,24,DF,AMENDA Aurele,31/07/2003,Eintracht Frankfurt (GER),GER,194
Switzerland,SUI,25,DF,JAQUEZ Luca,02/06/2003,VfB Stuttgart (GER),GER,187
Switzerland,SUI,26,FW,ITTEN Cedric,27/12/1996,Fortuna Düsseldorf (GER),GER,190
Tunisia,TUN,1,GK,CHAMAKH Mouhib,25/08/2001,Club Africain (TUN),TUN,189
Tunisia,TUN,2,DF,ABDI Ali,20/12/1993,OGC Nice (FRA),FRA,177
Tunisia,TUN,3,DF,TALBI Montassar,26/05/1998,FC Lorient (FRA),FRA,190
Tunisia,TUN,4,DF,REKIK Omar,20/12/2001,NK Maribor (SVN),SVN,188
Tunisia,TUN,5,DF,AROUS Adam,17/07/2004,Kasımpaşa SK (TUR),TUR,188
Tunisia,TUN,6,DF,BRONN Dylan,19/06/1995,Servette FC (SUI),SUI,186
Tunisia,TUN,7,FW,ACHOURI Elias,10/02/1999,FC København (DEN),DEN,187
Tunisia,TUN,8,FW,SAAD Elias,27/12/1999,Hannover 96 (GER),GER,185
Tunisia,TUN,9,FW,MASTOURI Hazem,18/06/1997,FC Dynamo Makhachkala (RUS),RUS,191
Tunisia,TUN,10,MF,MEJBRI Hannibal,21/01/2003,Burnley FC (ENG),ENG,177
Tunisia,TUN,11,MF,GHARBI Ismael,10/04/2004,FC Augsburg (GER),GER,180
Tunisia,TUN,12,DF,BEN OUANES Mortadha,02/07/1994,Kasımpaşa SK (TUR),TUR,188
Tunisia,TUN,13,MF,KHEDIRA Rani,27/01/1994,1. FC Union Berlin (GER),GER,188
Tunisia,TUN,14,MF,AYARI Khalil,02/02/2005,Paris Saint-Germain (FRA),FRA,174
Tunisia,TUN,15,MF,HADJ MAHMOUD Mohamed,24/04/2000,FC Lugano (SUI),SUI,179
Tunisia,TUN,16,GK,DAHMEN Aymen,28/01/1997,CS Sfaxien (TUN),TUN,188
Tunisia,TUN,17,MF,SKHIRI Ellyes,10/05/1995,Eintracht Frankfurt (GER),GER,185
Tunisia,TUN,18,FW,ELLOUMI Rayan,17/09/2007,Vancouver Whitecaps FC (CAN),CAN,180
Tunisia,TUN,19,FW,CHAOUAT Firas,08/05/1996,Club Africain (TUN),TUN,185
Tunisia,TUN,20,DF,VALERY Yan,22/02/1999,BSC Young Boys (SUI),SUI,181
Tunisia,TUN,21,DF,BEN HMIDA Mohamed Amine,15/12/1995,Espérance De Tunisie (TUN),TUN,181
Tunisia,TUN,22,GK,BEN HESSEN Sabri,13/06/1996,Étoile Du Sahel (TUN),TUN,189
Tunisia,TUN,23,DF,NEFFATI Moutaz,04/09/2004,IFK Norrköping FK (SWE),SWE,182
Tunisia,TUN,24,DF,CHIKHAOUI Raed,09/06/2004,US Monastir (TUN),TUN,191
Tunisia,TUN,25,MF,SLIMANE Anis,16/03/2001,Norwich City FC (ENG),ENG,188
Tunisia,TUN,26,MF,TOUNEKTI Sebastian,13/07/2002,Celtic FC (SCO),SCO,182
Türkiye,TUR,1,GK,GUNOK Mert,01/03/1989,Fenerbahçe SK (TUR),TUR,196
Türkiye,TUR,2,DF,CELIK Zeki,17/02/1997,AS Roma (ITA),ITA,180
Türkiye,TUR,3,DF,DEMIRAL Merih,05/03/1998,Al Ahli FC (KSA),KSA,190
Türkiye,TUR,4,DF,SOYUNCU Caglar,23/05/1996,Fenerbahçe SK (TUR),TUR,185
Türkiye,TUR,5,MF,OZCAN Salih,11/01/1998,Borussia Dortmund (GER),GER,182
Türkiye,TUR,6,MF,KOKCU Orkun,29/12/2000,Beşiktaş JK (TUR),TUR,175
Türkiye,TUR,7,FW,AKTURKOGLU Kerem,21/10/1998,Fenerbahçe SK (TUR),TUR,172
Türkiye,TUR,8,FW,GULER Arda,25/02/2005,Real Madrid C. F. (ESP),ESP,175
Türkiye,TUR,9,FW,GUL Deniz,02/07/2004,FC Porto (POR),POR,192
Türkiye,TUR,10,MF,CALHANOGLU Hakan,08/02/1994,FC Internazionale Milano (ITA),ITA,178
Türkiye,TUR,11,FW,YILDIZ Kenan,04/05/2005,Juventus FC (ITA),ITA,187
Türkiye,TUR,12,GK,BAYINDIR Altay,14/04/1998,Manchester United FC (ENG),ENG,198
Türkiye,TUR,13,DF,ELMALI Eren,07/07/2000,Galatasaray SK (TUR),TUR,181
Türkiye,TUR,14,DF,BARDAKCI Abdulkerim,07/09/1994,Galatasaray SK (TUR),TUR,185
Türkiye,TUR,15,DF,KABAK Ozan,25/03/2000,TSG Hoffenheim (GER),GER,187
Türkiye,TUR,16,MF,YUKSEK Ismail,26/01/1999,Fenerbahçe SK (TUR),TUR,183
Türkiye,TUR,17,FW,KAHVECI Irfan Can,15/07/1995,Kasımpaşa SK (TUR),TUR,180
Türkiye,TUR,18,DF,MULDUR Mert,03/04/1999,Fenerbahçe SK (TUR),TUR,184
Türkiye,TUR,19,FW,AKGUN Yunus,07/07/2000,Galatasaray SK (TUR),TUR,173
Türkiye,TUR,20,DF,KADIOGLU Ferdi,07/10/1999,Brighton & Hove Albion FC (ENG),ENG,174
Türkiye,TUR,21,FW,YILMAZ Baris Alper,23/05/2000,Galatasaray SK (TUR),TUR,186
Türkiye,TUR,22,MF,AYHAN Kaan,10/11/1994,Galatasaray SK (TUR),TUR,185
Türkiye,TUR,23,GK,CAKIR Ugurcan,05/04/1996,Galatasaray SK (TUR),TUR,191
Türkiye,TUR,24,FW,AYDIN Oguz,27/10/2000,Fenerbahçe SK (TUR),TUR,183
Türkiye,TUR,25,DF,AKAYDIN Samet,13/03/1994,Çaykur Rizespor (TUR),TUR,190
Türkiye,TUR,26,FW,UZUN Can,11/11/2005,Eintracht Frankfurt (GER),GER,186
Uruguay,URU,1,GK,ROCHET Sergio,23/03/1993,SC Internacional (BRA),BRA,189
Uruguay,URU,2,DF,GIMENEZ Jose Maria,20/01/1995,Atlético De Madrid (ESP),ESP,186
Uruguay,URU,3,DF,CACERES Sebastian,18/08/1999,Club América (MEX),MEX,180
Uruguay,URU,4,DF,ARAUJO Ronald,07/03/1999,FC Barcelona (ESP),ESP,185
Uruguay,URU,5,MF,UGARTE Manuel,11/04/2001,Manchester United FC (ENG),ENG,182
Uruguay,URU,6,MF,BENTANCUR Rodrigo,25/06/1997,Tottenham Hotspur FC (ENG),ENG,187
Uruguay,URU,7,MF,DE LA CRUZ Nicolas,01/06/1997,CR Flamengo (BRA),BRA,167
Uruguay,URU,8,MF,VALVERDE Federico,22/07/1998,Real Madrid C. F. (ESP),ESP,182
Uruguay,URU,9,FW,NUNEZ Darwin,24/06/1999,Al Hilal SC (KSA),KSA,185
Uruguay,URU,10,MF,DE ARRASCAETA Giorgian,01/06/1994,CR Flamengo (BRA),BRA,177
Uruguay,URU,11,FW,PELLISTRI Facundo,20/12/2001,Panathinaikos FC (GRE),GRE,174
Uruguay,URU,12,GK,MELE Santiago,06/09/1997,CF Monterrey (MEX),MEX,185
Uruguay,URU,13,DF,VARELA Guillermo,24/03/1993,CR Flamengo (BRA),BRA,174
Uruguay,URU,14,MF,CANOBBIO Agustin,01/10/1998,Fluminense FC (BRA),BRA,176
Uruguay,URU,15,MF,MARTINEZ Emiliano,17/08/1999,SE Palmeiras (BRA),BRA,184
Uruguay,URU,16,DF,OLIVERA Mathias,31/10/1997,SSC Napoli (ITA),ITA,174
Uruguay,URU,17,DF,VINA Matias,09/11/1997,CA River Plate (ARG),ARG,180
Uruguay,URU,18,FW,RODRIGUEZ Brian,20/05/2000,Club América (MEX),MEX,175
Uruguay,URU,19,FW,AGUIRRE Rodrigo,01/10/1994,Tigres UANL (MEX),MEX,182
Uruguay,URU,20,MF,ARAUJO Maxi,15/02/2000,Sporting CP (POR),POR,176
Uruguay,URU,21,FW,VINAS Federico,30/06/1998,Real Oviedo (ESP),ESP,181
Uruguay,URU,22,MF,PIQUEREZ Joaquin,24/08/1998,SE Palmeiras (BRA),BRA,185
Uruguay,URU,23,GK,MUSLERA Fernando,16/06/1986,Estudiantes LP (ARG),ARG,190
Uruguay,URU,24,DF,BUENO Santiago,09/11/1998,Wolverhampton Wanderers FC (ENG),ENG,191
Uruguay,URU,25,MF,SANABRIA Juan Manuel,29/03/2000,Real Salt Lake (USA),USA,170
Uruguay,URU,26,MF,ZALAZAR Rodrigo,12/08/1999,SC Braga (POR),POR,175
USA,USA,1,GK,TURNER Matt,24/06/1994,New England Revolution (USA),USA,190
USA,USA,2,DF,DEST Sergino,03/11/2000,PSV Eindhoven (NED),NED,173
USA,USA,3,DF,RICHARDS Chris,28/03/2000,Crystal Palace FC (ENG),ENG,189
USA,USA,4,MF,ADAMS Tyler,14/02/1999,AFC Bournemouth (ENG),ENG,175
USA,USA,5,DF,ROBINSON Antonee,08/08/1997,Fulham FC (ENG),ENG,183
USA,USA,6,DF,TRUSTY Auston,12/08/1998,Celtic FC (SCO),SCO,190
USA,USA,7,MF,REYNA Giovanni,13/11/2002,Borussia Mönchengladbach (GER),GER,187
USA,USA,8,MF,McKENNIE Weston,28/08/1998,Juventus FC (ITA),ITA,180
USA,USA,9,FW,PEPI Ricardo,09/01/2003,PSV Eindhoven (NED),NED,185
USA,USA,10,FW,PULISIC Christian,18/09/1998,AC Milan (ITA),ITA,177
USA,USA,11,FW,AARONSON Brenden,22/10/2000,Leeds United FC (ENG),ENG,177
USA,USA,12,DF,ROBINSON Miles,14/03/1997,FC Cincinnatti (USA),USA,187
USA,USA,13,DF,REAM Tim,05/10/1987,Charlotte FC (USA),USA,186
USA,USA,14,MF,BERHALTER Sebastian,10/05/2001,Vancouver Whitecaps FC (CAN),CAN,175
USA,USA,15,MF,ROLDAN Cristian,03/06/1995,Seattle Sounders FC (USA),USA,173
USA,USA,16,DF,FREEMAN Alex,09/08/2004,Villarreal CF (ESP),ESP,188
USA,USA,17,MF,TILLMAN Malik,28/05/2002,Bayer Leverkusen (GER),GER,187
USA,USA,18,DF,ARFSTEN Max,19/04/2001,Columbus Crew (USA),USA,185
USA,USA,19,FW,WRIGHT Haji,27/03/1998,Coventry City FC (ENG),ENG,191
USA,USA,20,FW,BALOGUN Folarin,03/07/2001,AS Monaco (FRA),FRA,179
USA,USA,21,FW,WEAH Timothy,22/02/2000,Olympique Marseille (FRA),FRA,183
USA,USA,22,DF,McKENZIE Mark,25/02/1999,Toulouse FC (FRA),FRA,186
USA,USA,23,DF,SCALLY Joe,31/12/2002,Borussia Mönchengladbach (GER),GER,184
USA,USA,24,GK,FREESE Matt,02/09/1998,New York City FC (USA),USA,198
USA,USA,25,GK,BRADY Chris,03/03/2004,Chicago Fire FC (USA),USA,193
USA,USA,26,FW,ZENDEJAS Alex,07/02/1998,Club América (MEX),MEX,167
Uzbekistan,UZB,1,GK,YUSUPOV Utkir,04/01/1991,PFC Navbahor Namangan (UZB),UZB,185
Uzbekistan,UZB,2,DF,KHUSANOV Abdukodir,29/02/2004,Manchester City FC (ENG),ENG,186
Uzbekistan,UZB,3,DF,ALIJONOV Khojiakbar,19/04/1997,Pakhtakor Tashkent FK (UZB),UZB,180
Uzbekistan,UZB,4,DF,SAYFIEV Farrukh,17/01/1991,FK Neftchi Farg'ona (UZB),UZB,183
Uzbekistan,UZB,5,DF,ASHURMATOV Rustam,07/07/1996,Esteghlal Tehran FC (IRN),IRN,186
Uzbekistan,UZB,6,MF,MOZGOVOY Akmal,02/04/1999,Pakhtakor Tashkent FK (UZB),UZB,180
Uzbekistan,UZB,7,MF,SHUKUROV Otabek,22/06/1996,Baniyas Club (UAE),UAE,183
Uzbekistan,UZB,8,MF,ISKANDEROV Jamshid,16/10/1993,FK Neftchi Farg'ona (UZB),UZB,171
Uzbekistan,UZB,9,MF,XAMROBEKOV Odiljon,13/02/1996,Tractor Sazi Tabriz FC (IRN),IRN,180
Uzbekistan,UZB,10,MF,MASHARIPOV Jaloliddin,01/09/1993,Esteghlal Tehran FC (IRN),IRN,174
Uzbekistan,UZB,11,MF,URUNOV Oston,19/12/2000,Persepolis FC (IRN),IRN,181
Uzbekistan,UZB,12,GK,NEMATOV Abduvohid,20/03/2001,Nasaf Qarshi FC (UZB),UZB,182
Uzbekistan,UZB,13,DF,NASRULLAEV Sherzod,23/07/1998,Pakhtakor Tashkent FK (UZB),UZB,183
Uzbekistan,UZB,14,FW,SHOMURODOV Eldor,29/06/1995,Başakşehir FK (TUR),TUR,190
Uzbekistan,UZB,15,DF,ESHMURODOV Umar,30/11/1992,Nasaf Qarshi FC (UZB),UZB,185
Uzbekistan,UZB,16,GK,ERGASHEV Botirali,23/06/1995,FK Neftchi Farg'ona (UZB),UZB,189
Uzbekistan,UZB,17,MF,KHAMDAMOV Dostonbek,24/07/1996,Pakhtakor Tashkent FK (UZB),UZB,178
Uzbekistan,UZB,18,DF,ABDULLAEV Abdulla,01/09/1997,Dibba FC (UAE),UAE,181
Uzbekistan,UZB,19,MF,GANIEV Azizjon,22/02/1998,Al Bataeh Club (UAE),UAE,178
Uzbekistan,UZB,20,FW,AMONOV Azizbek,30/10/1997,FK Dinamo Samarkand (UZB),UZB,181
Uzbekistan,UZB,21,FW,SERGEEV Igor,30/04/1993,Persepolis FC (IRN),IRN,185
Uzbekistan,UZB,22,MF,FAYZULLAEV Abbosbek,03/10/2003,Başakşehir FK (TUR),TUR,167
Uzbekistan,UZB,23,MF,ESANOV Sherzod,01/02/2003,FK Buxoro (UZB),UZB,190
Uzbekistan,UZB,24,DF,KARIMOV Behruzjon,07/08/2007,Surkhon FK (UZB),UZB,172
Uzbekistan,UZB,25,DF,ULMASALIYEV Avazbek,27/03/2000,OKMK FK (UZB),UZB,187
Uzbekistan,UZB,26,DF,UROZOV Jakhongir,18/01/2004,FK Dinamo Samarkand (UZB),UZB,190
